Workbook

Sheet Params
A1: PARÀMETRES V2H — SIMULACIÓ DIÀRIA 8760h (v7)
A2: Paràmetre | B2: Valor | C2: Unitat
A3: C_bat | B3: 40 | C3: kWh
A4: SOC_max | B4: 0.9
A5: SOC_min | B5: 0.3
A6: P_carg | B6: 7.4 | C6: kW
A7: P_desc | B7: 7.4 | C7: kW
A8: eta_carg | B8: 0.95
A9: eta_desc | B9: 0.95
A10: c_esp | B10: 0.18 | C10: kWh/km
A11: d_lab | B11: 40 | C11: km
A12: d_fds | B12: 30 | C12: km
A13: t_sort_lab | B13: 7 | C13: h
A14: t_arr_lab | B14: 19 | C14: h
A15: t_sort_fds | B15: 10 | C15: h
A16: t_arr_fds | B16: 15 | C16: h
A17: FV_kWp | B17: 4.6 | C17: kWp
A18: Habitatge | B18: Gurb
A19: Escenari | B19: 1
A20: SOC_reserva_lab | B20: =B5+B11*B10/(2*B3)+0.1
A21: SOC_reserva_fds | B21: =B5+B12*B10/(2*B3)+0.1

Sheet Sim8760
A1: SIMULACIÓ HORÀRIA ANUAL — 8760 HORES, SOC ENCADENAT
A3: # | B3: Data | C3: Hora | D3: FDS? | E3: δ(t) | F3: P_llar kWh | G3: P_FV kWh | H3: P_net kWh | I3: Acció | J3: E_carg kWh | K3: E_V2H kWh | L3: E_xarxa kWh | M3: SOC % | N3: Tarifa €/kWh | O3: Estalvi € | P3: SOC_limit
A4: 1 | B4: 01/01 | C4: 0 | D4: 0 | E4: =IF(D4=1, IF(OR(C4<10, C4>=15),1,0), IF(OR(C4<7, C4>=18),1,0)) | F4: 4.107 | G4: =0*8 | H4: =F4-G4 | I4: =IF(E4=0,"Fora",IF(AND(H4<0,M4<0.9),"Carg FV",IF(AND(H4>0,M4>0.3),"V2H",IF(M4<0.9,"Carg xar","Stby")))) | J4: =IF(OR(I4="Carg FV",I4="Carg xar"),MIN(IF(I4="Carg FV",ABS(H4),7.4),7.4,MAX(0,(0.9-M4)*40)*0.95),0) | K4: =IF(I4="V2H",MIN(MAX(0,H4),7.4,MAX(0,(M4-P4)*40)*0.95),0) | L4: =IF(E4=0, 0, MAX(0, H4-K4)) | M4: 0.9 | N4: 0.09 | O4: =K4*N4
A5: 2 | B5: 01/01 | C5: 1 | D5: 0 | E5: =IF(D5=1, IF(OR(C5<10, C5>=15),1,0), IF(OR(C5<7, C5>=18),1,0)) | F5: 3.933 | G5: =0*8 | H5: =F5-G5 | I5: =IF(E5=0,"Fora",IF(E4=0,"Carg xar",IF(H5<0,IF(M5<0.9,"Carg FV","Stby"),IF(M5>P5,"V2H",IF(M5<0.9,"Carg xar","Stby"))))) | J5: =IF(OR(I5="Carg FV",I5="Carg xar"),MIN(IF(I5="Carg FV",ABS(H5),7.4),7.4,MAX(0,(0.9-M5)*40)*0.95),0) | K5: =IF(I5="V2H",MIN(MAX(0,H5),7.4,MAX(0,(M5-P5)*40)*0.95),0) | L5: =IF(E5=0,0,MAX(0,H5-K5)) | M5: =M4+J4/40-IF(I4="V2H",K4/(0.95*40),0)-IF(E5=0,IF(E4=1,IF(D5=1,30,40)*0.18/(2*40),0),0)-IF(E5=1,IF(E4=0,IF(D5=1,30,40)*0.18/(2*40),0),0) | N5: 0.09 | O5: =K5*N5 | P5: =IF(E5=0,0.3,IF(D5=1,IF(C5>=Params!$B$13-3,IF(C5<Params!$B$13,Params!$B$20,0.3),0.3),IF(C5>=Params!$B$15-3,IF(C5<Params!$B$15,Params!$B$21,0.3),0.3)))
A6: 3 | B6: 01/01 | C6: 2 | D6: 0 | E6: =IF(D6=1, IF(OR(C6<10, C6>=15),1,0), IF(OR(C6<7, C6>=18),1,0)) | F6: 4.504 | G6: =0*8 | H6: =F6-G6 | I6: =IF(E6=0,"Fora",IF(E5=0,"Carg xar",IF(H6<0,IF(M6<0.9,"Carg FV","Stby"),IF(M6>P6,"V2H",IF(M6<0.9,"Carg xar","Stby"))))) | J6: =IF(OR(I6="Carg FV",I6="Carg xar"),MIN(IF(I6="Carg FV",ABS(H6),7.4),7.4,MAX(0,(0.9-M6)*40)*0.95),0) | K6: =IF(I6="V2H",MIN(MAX(0,H6),7.4,MAX(0,(M6-P6)*40)*0.95),0) | L6: =IF(E6=0,0,MAX(0,H6-K6)) | M6: =M5+J5/40-IF(I5="V2H",K5/(0.95*40),0)-IF(E6=0,IF(E5=1,IF(D6=1,30,40)*0.18/(2*40),0),0)-IF(E6=1,IF(E5=0,IF(D6=1,30,40)*0.18/(2*40),0),0) | N6: 0.09 | O6: =K6*N6 | P6: =IF(E6=0,0.3,IF(D6=1,IF(C6>=Params!$B$13-3,IF(C6<Params!$B$13,Params!$B$20,0.3),0.3),IF(C6>=Params!$B$15-3,IF(C6<Params!$B$15,Params!$B$21,0.3),0.3)))
A7: 4 | B7: 01/01 | C7: 3 | D7: 0 | E7: =IF(D7=1, IF(OR(C7<10, C7>=15),1,0), IF(OR(C7<7, C7>=18),1,0)) | F7: 4.048 | G7: =0*8 | H7: =F7-G7 | I7: =IF(E7=0,"Fora",IF(E6=0,"Carg xar",IF(H7<0,IF(M7<0.9,"Carg FV","Stby"),IF(M7>P7,"V2H",IF(M7<0.9,"Carg xar","Stby"))))) | J7: =IF(OR(I7="Carg FV",I7="Carg xar"),MIN(IF(I7="Carg FV",ABS(H7),7.4),7.4,MAX(0,(0.9-M7)*40)*0.95),0) | K7: =IF(I7="V2H",MIN(MAX(0,H7),7.4,MAX(0,(M7-P7)*40)*0.95),0) | L7: =IF(E7=0,0,MAX(0,H7-K7)) | M7: =M6+J6/40-IF(I6="V2H",K6/(0.95*40),0)-IF(E7=0,IF(E6=1,IF(D7=1,30,40)*0.18/(2*40),0),0)-IF(E7=1,IF(E6=0,IF(D7=1,30,40)*0.18/(2*40),0),0) | N7: 0.09 | O7: =K7*N7 | P7: =IF(E7=0,0.3,IF(D7=1,IF(C7>=Params!$B$13-3,IF(C7<Params!$B$13,Params!$B$20,0.3),0.3),IF(C7>=Params!$B$15-3,IF(C7<Params!$B$15,Params!$B$21,0.3),0.3)))
A8: 5 | B8: 01/01 | C8: 4 | D8: 0 | E8: =IF(D8=1, IF(OR(C8<10, C8>=15),1,0), IF(OR(C8<7, C8>=18),1,0)) | F8: 3.944 | G8: =0*8 | H8: =F8-G8 | I8: =IF(E8=0,"Fora",IF(E7=0,"Carg xar",IF(H8<0,IF(M8<0.9,"Carg FV","Stby"),IF(M8>P8,"V2H",IF(M8<0.9,"Carg xar","Stby"))))) | J8: =IF(OR(I8="Carg FV",I8="Carg xar"),MIN(IF(I8="Carg FV",ABS(H8),7.4),7.4,MAX(0,(0.9-M8)*40)*0.95),0) | K8: =IF(I8="V2H",MIN(MAX(0,H8),7.4,MAX(0,(M8-P8)*40)*0.95),0) | L8: =IF(E8=0,0,MAX(0,H8-K8)) | M8: =M7+J7/40-IF(I7="V2H",K7/(0.95*40),0)-IF(E8=0,IF(E7=1,IF(D8=1,30,40)*0.18/(2*40),0),0)-IF(E8=1,IF(E7=0,IF(D8=1,30,40)*0.18/(2*40),0),0) | N8: 0.09 | O8: =K8*N8 | P8: =IF(E8=0,0.3,IF(D8=1,IF(C8>=Params!$B$13-3,IF(C8<Params!$B$13,Params!$B$20,0.3),0.3),IF(C8>=Params!$B$15-3,IF(C8<Params!$B$15,Params!$B$21,0.3),0.3)))
A9: 6 | B9: 01/01 | C9: 5 | D9: 0 | E9: =IF(D9=1, IF(OR(C9<10, C9>=15),1,0), IF(OR(C9<7, C9>=18),1,0)) | F9: 3.89 | G9: =0*8 | H9: =F9-G9 | I9: =IF(E9=0,"Fora",IF(E8=0,"Carg xar",IF(H9<0,IF(M9<0.9,"Carg FV","Stby"),IF(M9>P9,"V2H",IF(M9<0.9,"Carg xar","Stby"))))) | J9: =IF(OR(I9="Carg FV",I9="Carg xar"),MIN(IF(I9="Carg FV",ABS(H9),7.4),7.4,MAX(0,(0.9-M9)*40)*0.95),0) | K9: =IF(I9="V2H",MIN(MAX(0,H9),7.4,MAX(0,(M9-P9)*40)*0.95),0) | L9: =IF(E9=0,0,MAX(0,H9-K9)) | M9: =M8+J8/40-IF(I8="V2H",K8/(0.95*40),0)-IF(E9=0,IF(E8=1,IF(D9=1,30,40)*0.18/(2*40),0),0)-IF(E9=1,IF(E8=0,IF(D9=1,30,40)*0.18/(2*40),0),0) | N9: 0.09 | O9: =K9*N9 | P9: =IF(E9=0,0.3,IF(D9=1,IF(C9>=Params!$B$13-3,IF(C9<Params!$B$13,Params!$B$20,0.3),0.3),IF(C9>=Params!$B$15-3,IF(C9<Params!$B$15,Params!$B$21,0.3),0.3)))
A10: 7 | B10: 01/01 | C10: 6 | D10: 0 | E10: =IF(D10=1, IF(OR(C10<10, C10>=15),1,0), IF(OR(C10<7, C10>=18),1,0)) | F10: 3.465 | G10: =0*8 | H10: =F10-G10 | I10: =IF(E10=0,"Fora",IF(E9=0,"Carg xar",IF(H10<0,IF(M10<0.9,"Carg FV","Stby"),IF(M10>P10,"V2H",IF(M10<0.9,"Carg xar","Stby"))))) | J10: =IF(OR(I10="Carg FV",I10="Carg xar"),MIN(IF(I10="Carg FV",ABS(H10),7.4),7.4,MAX(0,(0.9-M10)*40)*0.95),0) | K10: =IF(I10="V2H",MIN(MAX(0,H10),7.4,MAX(0,(M10-P10)*40)*0.95),0) | L10: =IF(E10=0,0,MAX(0,H10-K10)) | M10: =M9+J9/40-IF(I9="V2H",K9/(0.95*40),0)-IF(E10=0,IF(E9=1,IF(D10=1,30,40)*0.18/(2*40),0),0)-IF(E10=1,IF(E9=0,IF(D10=1,30,40)*0.18/(2*40),0),0) | N10: 0.09 | O10: =K10*N10 | P10: =IF(E10=0,0.3,IF(D10=1,IF(C10>=Params!$B$13-3,IF(C10<Params!$B$13,Params!$B$20,0.3),0.3),IF(C10>=Params!$B$15-3,IF(C10<Params!$B$15,Params!$B$21,0.3),0.3)))
A11: 8 | B11: 01/01 | C11: 7 | D11: 0 | E11: =IF(D11=1, IF(OR(C11<10, C11>=15),1,0), IF(OR(C11<7, C11>=18),1,0)) | F11: 0.104 | G11: =0*8 | H11: =F11-G11 | I11: =IF(E11=0,"Fora",IF(E10=0,"Carg xar",IF(H11<0,IF(M11<0.9,"Carg FV","Stby"),IF(M11>P11,"V2H",IF(M11<0.9,"Carg xar","Stby"))))) | J11: =IF(OR(I11="Carg FV",I11="Carg xar"),MIN(IF(I11="Carg FV",ABS(H11),7.4),7.4,MAX(0,(0.9-M11)*40)*0.95),0) | K11: =IF(I11="V2H",MIN(MAX(0,H11),7.4,MAX(0,(M11-P11)*40)*0.95),0) | L11: =IF(E11=0,0,MAX(0,H11-K11)) | M11: =M10+J10/40-IF(I10="V2H",K10/(0.95*40),0)-IF(E11=0,IF(E10=1,IF(D11=1,30,40)*0.18/(2*40),0),0)-IF(E11=1,IF(E10=0,IF(D11=1,30,40)*0.18/(2*40),0),0) | N11: 0.09 | O11: =K11*N11 | P11: =IF(E11=0,0.3,IF(D11=1,IF(C11>=Params!$B$13-3,IF(C11<Params!$B$13,Params!$B$20,0.3),0.3),IF(C11>=Params!$B$15-3,IF(C11<Params!$B$15,Params!$B$21,0.3),0.3)))
A12: 9 | B12: 01/01 | C12: 8 | D12: 0 | E12: =IF(D12=1, IF(OR(C12<10, C12>=15),1,0), IF(OR(C12<7, C12>=18),1,0)) | F12: 0.073 | G12: =0.05*8 | H12: =F12-G12 | I12: =IF(E12=0,"Fora",IF(E11=0,"Carg xar",IF(H12<0,IF(M12<0.9,"Carg FV","Stby"),IF(M12>P12,"V2H",IF(M12<0.9,"Carg xar","Stby"))))) | J12: =IF(OR(I12="Carg FV",I12="Carg xar"),MIN(IF(I12="Carg FV",ABS(H12),7.4),7.4,MAX(0,(0.9-M12)*40)*0.95),0) | K12: =IF(I12="V2H",MIN(MAX(0,H12),7.4,MAX(0,(M12-P12)*40)*0.95),0) | L12: =IF(E12=0,0,MAX(0,H12-K12)) | M12: =M11+J11/40-IF(I11="V2H",K11/(0.95*40),0)-IF(E12=0,IF(E11=1,IF(D12=1,30,40)*0.18/(2*40),0),0)-IF(E12=1,IF(E11=0,IF(D12=1,30,40)*0.18/(2*40),0),0) | N12: 0.15 | O12: =K12*N12 | P12: =IF(E12=0,0.3,IF(D12=1,IF(C12>=Params!$B$13-3,IF(C12<Params!$B$13,Params!$B$20,0.3),0.3),IF(C12>=Params!$B$15-3,IF(C12<Params!$B$15,Params!$B$21,0.3),0.3)))
A13: 10 | B13: 01/01 | C13: 9 | D13: 0 | E13: =IF(D13=1, IF(OR(C13<10, C13>=15),1,0), IF(OR(C13<7, C13>=18),1,0)) | F13: 0.084 | G13: =0.18*8 | H13: =F13-G13 | I13: =IF(E13=0,"Fora",IF(E12=0,"Carg xar",IF(H13<0,IF(M13<0.9,"Carg FV","Stby"),IF(M13>P13,"V2H",IF(M13<0.9,"Carg xar","Stby"))))) | J13: =IF(OR(I13="Carg FV",I13="Carg xar"),MIN(IF(I13="Carg FV",ABS(H13),7.4),7.4,MAX(0,(0.9-M13)*40)*0.95),0) | K13: =IF(I13="V2H",MIN(MAX(0,H13),7.4,MAX(0,(M13-P13)*40)*0.95),0) | L13: =IF(E13=0,0,MAX(0,H13-K13)) | M13: =M12+J12/40-IF(I12="V2H",K12/(0.95*40),0)-IF(E13=0,IF(E12=1,IF(D13=1,30,40)*0.18/(2*40),0),0)-IF(E13=1,IF(E12=0,IF(D13=1,30,40)*0.18/(2*40),0),0) | N13: 0.15 | O13: =K13*N13 | P13: =IF(E13=0,0.3,IF(D13=1,IF(C13>=Params!$B$13-3,IF(C13<Params!$B$13,Params!$B$20,0.3),0.3),IF(C13>=Params!$B$15-3,IF(C13<Params!$B$15,Params!$B$21,0.3),0.3)))
A14: 11 | B14: 01/01 | C14: 10 | D14: 0 | E14: =IF(D14=1, IF(OR(C14<10, C14>=15),1,0), IF(OR(C14<7, C14>=18),1,0)) | F14: 1.092 | G14: =0.38*8 | H14: =F14-G14 | I14: =IF(E14=0,"Fora",IF(E13=0,"Carg xar",IF(H14<0,IF(M14<0.9,"Carg FV","Stby"),IF(M14>P14,"V2H",IF(M14<0.9,"Carg xar","Stby"))))) | J14: =IF(OR(I14="Carg FV",I14="Carg xar"),MIN(IF(I14="Carg FV",ABS(H14),7.4),7.4,MAX(0,(0.9-M14)*40)*0.95),0) | K14: =IF(I14="V2H",MIN(MAX(0,H14),7.4,MAX(0,(M14-P14)*40)*0.95),0) | L14: =IF(E14=0,0,MAX(0,H14-K14)) | M14: =M13+J13/40-IF(I13="V2H",K13/(0.95*40),0)-IF(E14=0,IF(E13=1,IF(D14=1,30,40)*0.18/(2*40),0),0)-IF(E14=1,IF(E13=0,IF(D14=1,30,40)*0.18/(2*40),0),0) | N14: 0.2 | O14: =K14*N14 | P14: =IF(E14=0,0.3,IF(D14=1,IF(C14>=Params!$B$13-3,IF(C14<Params!$B$13,Params!$B$20,0.3),0.3),IF(C14>=Params!$B$15-3,IF(C14<Params!$B$15,Params!$B$21,0.3),0.3)))
A15: 12 | B15: 01/01 | C15: 11 | D15: 0 | E15: =IF(D15=1, IF(OR(C15<10, C15>=15),1,0), IF(OR(C15<7, C15>=18),1,0)) | F15: 2.791 | G15: =0.52*8 | H15: =F15-G15 | I15: =IF(E15=0,"Fora",IF(E14=0,"Carg xar",IF(H15<0,IF(M15<0.9,"Carg FV","Stby"),IF(M15>P15,"V2H",IF(M15<0.9,"Carg xar","Stby"))))) | J15: =IF(OR(I15="Carg FV",I15="Carg xar"),MIN(IF(I15="Carg FV",ABS(H15),7.4),7.4,MAX(0,(0.9-M15)*40)*0.95),0) | K15: =IF(I15="V2H",MIN(MAX(0,H15),7.4,MAX(0,(M15-P15)*40)*0.95),0) | L15: =IF(E15=0,0,MAX(0,H15-K15)) | M15: =M14+J14/40-IF(I14="V2H",K14/(0.95*40),0)-IF(E15=0,IF(E14=1,IF(D15=1,30,40)*0.18/(2*40),0),0)-IF(E15=1,IF(E14=0,IF(D15=1,30,40)*0.18/(2*40),0),0) | N15: 0.2 | O15: =K15*N15 | P15: =IF(E15=0,0.3,IF(D15=1,IF(C15>=Params!$B$13-3,IF(C15<Params!$B$13,Params!$B$20,0.3),0.3),IF(C15>=Params!$B$15-3,IF(C15<Params!$B$15,Params!$B$21,0.3),0.3)))
A16: 13 | B16: 01/01 | C16: 12 | D16: 0 | E16: =IF(D16=1, IF(OR(C16<10, C16>=15),1,0), IF(OR(C16<7, C16>=18),1,0)) | F16: 2.784 | G16: =0.58*8 | H16: =F16-G16 | I16: =IF(E16=0,"Fora",IF(E15=0,"Carg xar",IF(H16<0,IF(M16<0.9,"Carg FV","Stby"),IF(M16>P16,"V2H",IF(M16<0.9,"Carg xar","Stby"))))) | J16: =IF(OR(I16="Carg FV",I16="Carg xar"),MIN(IF(I16="Carg FV",ABS(H16),7.4),7.4,MAX(0,(0.9-M16)*40)*0.95),0) | K16: =IF(I16="V2H",MIN(MAX(0,H16),7.4,MAX(0,(M16-P16)*40)*0.95),0) | L16: =IF(E16=0,0,MAX(0,H16-K16)) | M16: =M15+J15/40-IF(I15="V2H",K15/(0.95*40),0)-IF(E16=0,IF(E15=1,IF(D16=1,30,40)*0.18/(2*40),0),0)-IF(E16=1,IF(E15=0,IF(D16=1,30,40)*0.18/(2*40),0),0) | N16: 0.2 | O16: =K16*N16 | P16: =IF(E16=0,0.3,IF(D16=1,IF(C16>=Params!$B$13-3,IF(C16<Params!$B$13,Params!$B$20,0.3),0.3),IF(C16>=Params!$B$15-3,IF(C16<Params!$B$15,Params!$B$21,0.3),0.3)))
A17: 14 | B17: 01/01 | C17: 13 | D17: 0 | E17: =IF(D17=1, IF(OR(C17<10, C17>=15),1,0), IF(OR(C17<7, C17>=18),1,0)) | F17: 1.773 | G17: =0.55*8 | H17: =F17-G17 | I17: =IF(E17=0,"Fora",IF(E16=0,"Carg xar",IF(H17<0,IF(M17<0.9,"Carg FV","Stby"),IF(M17>P17,"V2H",IF(M17<0.9,"Carg xar","Stby"))))) | J17: =IF(OR(I17="Carg FV",I17="Carg xar"),MIN(IF(I17="Carg FV",ABS(H17),7.4),7.4,MAX(0,(0.9-M17)*40)*0.95),0) | K17: =IF(I17="V2H",MIN(MAX(0,H17),7.4,MAX(0,(M17-P17)*40)*0.95),0) | L17: =IF(E17=0,0,MAX(0,H17-K17)) | M17: =M16+J16/40-IF(I16="V2H",K16/(0.95*40),0)-IF(E17=0,IF(E16=1,IF(D17=1,30,40)*0.18/(2*40),0),0)-IF(E17=1,IF(E16=0,IF(D17=1,30,40)*0.18/(2*40),0),0) | N17: 0.2 | O17: =K17*N17 | P17: =IF(E17=0,0.3,IF(D17=1,IF(C17>=Params!$B$13-3,IF(C17<Params!$B$13,Params!$B$20,0.3),0.3),IF(C17>=Params!$B$15-3,IF(C17<Params!$B$15,Params!$B$21,0.3),0.3)))
A18: 15 | B18: 01/01 | C18: 14 | D18: 0 | E18: =IF(D18=1, IF(OR(C18<10, C18>=15),1,0), IF(OR(C18<7, C18>=18),1,0)) | F18: 0 | G18: =0.42*8 | H18: =F18-G18 | I18: =IF(E18=0,"Fora",IF(E17=0,"Carg xar",IF(H18<0,IF(M18<0.9,"Carg FV","Stby"),IF(M18>P18,"V2H",IF(M18<0.9,"Carg xar","Stby"))))) | J18: =IF(OR(I18="Carg FV",I18="Carg xar"),MIN(IF(I18="Carg FV",ABS(H18),7.4),7.4,MAX(0,(0.9-M18)*40)*0.95),0) | K18: =IF(I18="V2H",MIN(MAX(0,H18),7.4,MAX(0,(M18-P18)*40)*0.95),0) | L18: =IF(E18=0,0,MAX(0,H18-K18)) | M18: =M17+J17/40-IF(I17="V2H",K17/(0.95*40),0)-IF(E18=0,IF(E17=1,IF(D18=1,30,40)*0.18/(2*40),0),0)-IF(E18=1,IF(E17=0,IF(D18=1,30,40)*0.18/(2*40),0),0) | N18: 0.15 | O18: =K18*N18 | P18: =IF(E18=0,0.3,IF(D18=1,IF(C18>=Params!$B$13-3,IF(C18<Params!$B$13,Params!$B$20,0.3),0.3),IF(C18>=Params!$B$15-3,IF(C18<Params!$B$15,Params!$B$21,0.3),0.3)))
A19: 16 | B19: 01/01 | C19: 15 | D19: 0 | E19: =IF(D19=1, IF(OR(C19<10, C19>=15),1,0), IF(OR(C19<7, C19>=18),1,0)) | F19: 0 | G19: =0.22*8 | H19: =F19-G19 | I19: =IF(E19=0,"Fora",IF(E18=0,"Carg xar",IF(H19<0,IF(M19<0.9,"Carg FV","Stby"),IF(M19>P19,"V2H",IF(M19<0.9,"Carg xar","Stby"))))) | J19: =IF(OR(I19="Carg FV",I19="Carg xar"),MIN(IF(I19="Carg FV",ABS(H19),7.4),7.4,MAX(0,(0.9-M19)*40)*0.95),0) | K19: =IF(I19="V2H",MIN(MAX(0,H19),7.4,MAX(0,(M19-P19)*40)*0.95),0) | L19: =IF(E19=0,0,MAX(0,H19-K19)) | M19: =M18+J18/40-IF(I18="V2H",K18/(0.95*40),0)-IF(E19=0,IF(E18=1,IF(D19=1,30,40)*0.18/(2*40),0),0)-IF(E19=1,IF(E18=0,IF(D19=1,30,40)*0.18/(2*40),0),0) | N19: 0.15 | O19: =K19*N19 | P19: =IF(E19=0,0.3,IF(D19=1,IF(C19>=Params!$B$13-3,IF(C19<Params!$B$13,Params!$B$20,0.3),0.3),IF(C19>=Params!$B$15-3,IF(C19<Params!$B$15,Params!$B$21,0.3),0.3)))
A20: 17 | B20: 01/01 | C20: 16 | D20: 0 | E20: =IF(D20=1, IF(OR(C20<10, C20>=15),1,0), IF(OR(C20<7, C20>=18),1,0)) | F20: 0.186 | G20: =0.05*8 | H20: =F20-G20 | I20: =IF(E20=0,"Fora",IF(E19=0,"Carg xar",IF(H20<0,IF(M20<0.9,"Carg FV","Stby"),IF(M20>P20,"V2H",IF(M20<0.9,"Carg xar","Stby"))))) | J20: =IF(OR(I20="Carg FV",I20="Carg xar"),MIN(IF(I20="Carg FV",ABS(H20),7.4),7.4,MAX(0,(0.9-M20)*40)*0.95),0) | K20: =IF(I20="V2H",MIN(MAX(0,H20),7.4,MAX(0,(M20-P20)*40)*0.95),0) | L20: =IF(E20=0,0,MAX(0,H20-K20)) | M20: =M19+J19/40-IF(I19="V2H",K19/(0.95*40),0)-IF(E20=0,IF(E19=1,IF(D20=1,30,40)*0.18/(2*40),0),0)-IF(E20=1,IF(E19=0,IF(D20=1,30,40)*0.18/(2*40),0),0) | N20: 0.15 | O20: =K20*N20 | P20: =IF(E20=0,0.3,IF(D20=1,IF(C20>=Params!$B$13-3,IF(C20<Params!$B$13,Params!$B$20,0.3),0.3),IF(C20>=Params!$B$15-3,IF(C20<Params!$B$15,Params!$B$21,0.3),0.3)))
A21: 18 | B21: 01/01 | C21: 17 | D21: 0 | E21: =IF(D21=1, IF(OR(C21<10, C21>=15),1,0), IF(OR(C21<7, C21>=18),1,0)) | F21: 0.455 | G21: =0*8 | H21: =F21-G21 | I21: =IF(E21=0,"Fora",IF(E20=0,"Carg xar",IF(H21<0,IF(M21<0.9,"Carg FV","Stby"),IF(M21>P21,"V2H",IF(M21<0.9,"Carg xar","Stby"))))) | J21: =IF(OR(I21="Carg FV",I21="Carg xar"),MIN(IF(I21="Carg FV",ABS(H21),7.4),7.4,MAX(0,(0.9-M21)*40)*0.95),0) | K21: =IF(I21="V2H",MIN(MAX(0,H21),7.4,MAX(0,(M21-P21)*40)*0.95),0) | L21: =IF(E21=0,0,MAX(0,H21-K21)) | M21: =M20+J20/40-IF(I20="V2H",K20/(0.95*40),0)-IF(E21=0,IF(E20=1,IF(D21=1,30,40)*0.18/(2*40),0),0)-IF(E21=1,IF(E20=0,IF(D21=1,30,40)*0.18/(2*40),0),0) | N21: 0.15 | O21: =K21*N21 | P21: =IF(E21=0,0.3,IF(D21=1,IF(C21>=Params!$B$13-3,IF(C21<Params!$B$13,Params!$B$20,0.3),0.3),IF(C21>=Params!$B$15-3,IF(C21<Params!$B$15,Params!$B$21,0.3),0.3)))
A22: 19 | B22: 01/01 | C22: 18 | D22: 0 | E22: =IF(D22=1, IF(OR(C22<10, C22>=15),1,0), IF(OR(C22<7, C22>=18),1,0)) | F22: 0.631 | G22: =0*8 | H22: =F22-G22 | I22: =IF(E22=0,"Fora",IF(E21=0,"Carg xar",IF(H22<0,IF(M22<0.9,"Carg FV","Stby"),IF(M22>P22,"V2H",IF(M22<0.9,"Carg xar","Stby"))))) | J22: =IF(OR(I22="Carg FV",I22="Carg xar"),MIN(IF(I22="Carg FV",ABS(H22),7.4),7.4,MAX(0,(0.9-M22)*40)*0.95),0) | K22: =IF(I22="V2H",MIN(MAX(0,H22),7.4,MAX(0,(M22-P22)*40)*0.95),0) | L22: =IF(E22=0,0,MAX(0,H22-K22)) | M22: =M21+J21/40-IF(I21="V2H",K21/(0.95*40),0)-IF(E22=0,IF(E21=1,IF(D22=1,30,40)*0.18/(2*40),0),0)-IF(E22=1,IF(E21=0,IF(D22=1,30,40)*0.18/(2*40),0),0) | N22: 0.2 | O22: =K22*N22 | P22: =IF(E22=0,0.3,IF(D22=1,IF(C22>=Params!$B$13-3,IF(C22<Params!$B$13,Params!$B$20,0.3),0.3),IF(C22>=Params!$B$15-3,IF(C22<Params!$B$15,Params!$B$21,0.3),0.3)))
A23: 20 | B23: 01/01 | C23: 19 | D23: 0 | E23: =IF(D23=1, IF(OR(C23<10, C23>=15),1,0), IF(OR(C23<7, C23>=18),1,0)) | F23: 4.779 | G23: =0*8 | H23: =F23-G23 | I23: =IF(E23=0,"Fora",IF(E22=0,"Carg xar",IF(H23<0,IF(M23<0.9,"Carg FV","Stby"),IF(M23>P23,"V2H",IF(M23<0.9,"Carg xar","Stby"))))) | J23: =IF(OR(I23="Carg FV",I23="Carg xar"),MIN(IF(I23="Carg FV",ABS(H23),7.4),7.4,MAX(0,(0.9-M23)*40)*0.95),0) | K23: =IF(I23="V2H",MIN(MAX(0,H23),7.4,MAX(0,(M23-P23)*40)*0.95),0) | L23: =IF(E23=0,0,MAX(0,H23-K23)) | M23: =M22+J22/40-IF(I22="V2H",K22/(0.95*40),0)-IF(E23=0,IF(E22=1,IF(D23=1,30,40)*0.18/(2*40),0),0)-IF(E23=1,IF(E22=0,IF(D23=1,30,40)*0.18/(2*40),0),0) | N23: 0.2 | O23: =K23*N23 | P23: =IF(E23=0,0.3,IF(D23=1,IF(C23>=Params!$B$13-3,IF(C23<Params!$B$13,Params!$B$20,0.3),0.3),IF(C23>=Params!$B$15-3,IF(C23<Params!$B$15,Params!$B$21,0.3),0.3)))
A24: 21 | B24: 01/01 | C24: 20 | D24: 0 | E24: =IF(D24=1, IF(OR(C24<10, C24>=15),1,0), IF(OR(C24<7, C24>=18),1,0)) | F24: 4.698 | G24: =0*8 | H24: =F24-G24 | I24: =IF(E24=0,"Fora",IF(E23=0,"Carg xar",IF(H24<0,IF(M24<0.9,"Carg FV","Stby"),IF(M24>P24,"V2H",IF(M24<0.9,"Carg xar","Stby"))))) | J24: =IF(OR(I24="Carg FV",I24="Carg xar"),MIN(IF(I24="Carg FV",ABS(H24),7.4),7.4,MAX(0,(0.9-M24)*40)*0.95),0) | K24: =IF(I24="V2H",MIN(MAX(0,H24),7.4,MAX(0,(M24-P24)*40)*0.95),0) | L24: =IF(E24=0,0,MAX(0,H24-K24)) | M24: =M23+J23/40-IF(I23="V2H",K23/(0.95*40),0)-IF(E24=0,IF(E23=1,IF(D24=1,30,40)*0.18/(2*40),0),0)-IF(E24=1,IF(E23=0,IF(D24=1,30,40)*0.18/(2*40),0),0) | N24: 0.2 | O24: =K24*N24 | P24: =IF(E24=0,0.3,IF(D24=1,IF(C24>=Params!$B$13-3,IF(C24<Params!$B$13,Params!$B$20,0.3),0.3),IF(C24>=Params!$B$15-3,IF(C24<Params!$B$15,Params!$B$21,0.3),0.3)))
A25: 22 | B25: 01/01 | C25: 21 | D25: 0 | E25: =IF(D25=1, IF(OR(C25<10, C25>=15),1,0), IF(OR(C25<7, C25>=18),1,0)) | F25: 4.136 | G25: =0*8 | H25: =F25-G25 | I25: =IF(E25=0,"Fora",IF(E24=0,"Carg xar",IF(H25<0,IF(M25<0.9,"Carg FV","Stby"),IF(M25>P25,"V2H",IF(M25<0.9,"Carg xar","Stby"))))) | J25: =IF(OR(I25="Carg FV",I25="Carg xar"),MIN(IF(I25="Carg FV",ABS(H25),7.4),7.4,MAX(0,(0.9-M25)*40)*0.95),0) | K25: =IF(I25="V2H",MIN(MAX(0,H25),7.4,MAX(0,(M25-P25)*40)*0.95),0) | L25: =IF(E25=0,0,MAX(0,H25-K25)) | M25: =M24+J24/40-IF(I24="V2H",K24/(0.95*40),0)-IF(E25=0,IF(E24=1,IF(D25=1,30,40)*0.18/(2*40),0),0)-IF(E25=1,IF(E24=0,IF(D25=1,30,40)*0.18/(2*40),0),0) | N25: 0.2 | O25: =K25*N25 | P25: =IF(E25=0,0.3,IF(D25=1,IF(C25>=Params!$B$13-3,IF(C25<Params!$B$13,Params!$B$20,0.3),0.3),IF(C25>=Params!$B$15-3,IF(C25<Params!$B$15,Params!$B$21,0.3),0.3)))
A26: 23 | B26: 01/01 | C26: 22 | D26: 0 | E26: =IF(D26=1, IF(OR(C26<10, C26>=15),1,0), IF(OR(C26<7, C26>=18),1,0)) | F26: 4.144 | G26: =0*8 | H26: =F26-G26 | I26: =IF(E26=0,"Fora",IF(E25=0,"Carg xar",IF(H26<0,IF(M26<0.9,"Carg FV","Stby"),IF(M26>P26,"V2H",IF(M26<0.9,"Carg xar","Stby"))))) | J26: =IF(OR(I26="Carg FV",I26="Carg xar"),MIN(IF(I26="Carg FV",ABS(H26),7.4),7.4,MAX(0,(0.9-M26)*40)*0.95),0) | K26: =IF(I26="V2H",MIN(MAX(0,H26),7.4,MAX(0,(M26-P26)*40)*0.95),0) | L26: =IF(E26=0,0,MAX(0,H26-K26)) | M26: =M25+J25/40-IF(I25="V2H",K25/(0.95*40),0)-IF(E26=0,IF(E25=1,IF(D26=1,30,40)*0.18/(2*40),0),0)-IF(E26=1,IF(E25=0,IF(D26=1,30,40)*0.18/(2*40),0),0) | N26: 0.15 | O26: =K26*N26 | P26: =IF(E26=0,0.3,IF(D26=1,IF(C26>=Params!$B$13-3,IF(C26<Params!$B$13,Params!$B$20,0.3),0.3),IF(C26>=Params!$B$15-3,IF(C26<Params!$B$15,Params!$B$21,0.3),0.3)))
A27: 24 | B27: 01/01 | C27: 23 | D27: 0 | E27: =IF(D27=1, IF(OR(C27<10, C27>=15),1,0), IF(OR(C27<7, C27>=18),1,0)) | F27: 4.137 | G27: =0*8 | H27: =F27-G27 | I27: =IF(E27=0,"Fora",IF(E26=0,"Carg xar",IF(H27<0,IF(M27<0.9,"Carg FV","Stby"),IF(M27>P27,"V2H",IF(M27<0.9,"Carg xar","Stby"))))) | J27: =IF(OR(I27="Carg FV",I27="Carg xar"),MIN(IF(I27="Carg FV",ABS(H27),7.4),7.4,MAX(0,(0.9-M27)*40)*0.95),0) | K27: =IF(I27="V2H",MIN(MAX(0,H27),7.4,MAX(0,(M27-P27)*40)*0.95),0) | L27: =IF(E27=0,0,MAX(0,H27-K27)) | M27: =M26+J26/40-IF(I26="V2H",K26/(0.95*40),0)-IF(E27=0,IF(E26=1,IF(D27=1,30,40)*0.18/(2*40),0),0)-IF(E27=1,IF(E26=0,IF(D27=1,30,40)*0.18/(2*40),0),0) | N27: 0.15 | O27: =K27*N27 | P27: =IF(E27=0,0.3,IF(D27=1,IF(C27>=Params!$B$13-3,IF(C27<Params!$B$13,Params!$B$20,0.3),0.3),IF(C27>=Params!$B$15-3,IF(C27<Params!$B$15,Params!$B$21,0.3),0.3)))
A28: 25 | B28: 02/01 | C28: 0 | D28: 0 | E28: =IF(D28=1, IF(OR(C28<10, C28>=15),1,0), IF(OR(C28<7, C28>=18),1,0)) | F28: 4.275 | G28: =0*8 | H28: =F28-G28 | I28: =IF(E28=0,"Fora",IF(E27=0,"Carg xar",IF(H28<0,IF(M28<0.9,"Carg FV","Stby"),IF(M28>P28,"V2H",IF(M28<0.9,"Carg xar","Stby"))))) | J28: =IF(OR(I28="Carg FV",I28="Carg xar"),MIN(IF(I28="Carg FV",ABS(H28),7.4),7.4,MAX(0,(0.9-M28)*40)*0.95),0) | K28: =IF(I28="V2H",MIN(MAX(0,H28),7.4,MAX(0,(M28-P28)*40)*0.95),0) | L28: =IF(E28=0,0,MAX(0,H28-K28)) | M28: =M27+J27/40-IF(I27="V2H",K27/(0.95*40),0)-IF(E28=0,IF(E27=1,IF(D28=1,30,40)*0.18/(2*40),0),0)-IF(E28=1,IF(E27=0,IF(D28=1,30,40)*0.18/(2*40),0),0) | N28: 0.09 | O28: =K28*N28 | P28: =IF(E28=0,0.3,IF(D28=1,IF(C28>=Params!$B$13-3,IF(C28<Params!$B$13,Params!$B$20,0.3),0.3),IF(C28>=Params!$B$15-3,IF(C28<Params!$B$15,Params!$B$21,0.3),0.3)))
A29: 26 | B29: 02/01 | C29: 1 | D29: 0 | E29: =IF(D29=1, IF(OR(C29<10, C29>=15),1,0), IF(OR(C29<7, C29>=18),1,0)) | F29: 3.708 | G29: =0*8 | H29: =F29-G29 | I29: =IF(E29=0,"Fora",IF(E28=0,"Carg xar",IF(H29<0,IF(M29<0.9,"Carg FV","Stby"),IF(M29>P29,"V2H",IF(M29<0.9,"Carg xar","Stby"))))) | J29: =IF(OR(I29="Carg FV",I29="Carg xar"),MIN(IF(I29="Carg FV",ABS(H29),7.4),7.4,MAX(0,(0.9-M29)*40)*0.95),0) | K29: =IF(I29="V2H",MIN(MAX(0,H29),7.4,MAX(0,(M29-P29)*40)*0.95),0) | L29: =IF(E29=0,0,MAX(0,H29-K29)) | M29: =M28+J28/40-IF(I28="V2H",K28/(0.95*40),0)-IF(E29=0,IF(E28=1,IF(D29=1,30,40)*0.18/(2*40),0),0)-IF(E29=1,IF(E28=0,IF(D29=1,30,40)*0.18/(2*40),0),0) | N29: 0.09 | O29: =K29*N29 | P29: =IF(E29=0,0.3,IF(D29=1,IF(C29>=Params!$B$13-3,IF(C29<Params!$B$13,Params!$B$20,0.3),0.3),IF(C29>=Params!$B$15-3,IF(C29<Params!$B$15,Params!$B$21,0.3),0.3)))
A30: 27 | B30: 02/01 | C30: 2 | D30: 0 | E30: =IF(D30=1, IF(OR(C30<10, C30>=15),1,0), IF(OR(C30<7, C30>=18),1,0)) | F30: 3.92 | G30: =0*8 | H30: =F30-G30 | I30: =IF(E30=0,"Fora",IF(E29=0,"Carg xar",IF(H30<0,IF(M30<0.9,"Carg FV","Stby"),IF(M30>P30,"V2H",IF(M30<0.9,"Carg xar","Stby"))))) | J30: =IF(OR(I30="Carg FV",I30="Carg xar"),MIN(IF(I30="Carg FV",ABS(H30),7.4),7.4,MAX(0,(0.9-M30)*40)*0.95),0) | K30: =IF(I30="V2H",MIN(MAX(0,H30),7.4,MAX(0,(M30-P30)*40)*0.95),0) | L30: =IF(E30=0,0,MAX(0,H30-K30)) | M30: =M29+J29/40-IF(I29="V2H",K29/(0.95*40),0)-IF(E30=0,IF(E29=1,IF(D30=1,30,40)*0.18/(2*40),0),0)-IF(E30=1,IF(E29=0,IF(D30=1,30,40)*0.18/(2*40),0),0) | N30: 0.09 | O30: =K30*N30 | P30: =IF(E30=0,0.3,IF(D30=1,IF(C30>=Params!$B$13-3,IF(C30<Params!$B$13,Params!$B$20,0.3),0.3),IF(C30>=Params!$B$15-3,IF(C30<Params!$B$15,Params!$B$21,0.3),0.3)))
A31: 28 | B31: 02/01 | C31: 3 | D31: 0 | E31: =IF(D31=1, IF(OR(C31<10, C31>=15),1,0), IF(OR(C31<7, C31>=18),1,0)) | F31: 4.764 | G31: =0*8 | H31: =F31-G31 | I31: =IF(E31=0,"Fora",IF(E30=0,"Carg xar",IF(H31<0,IF(M31<0.9,"Carg FV","Stby"),IF(M31>P31,"V2H",IF(M31<0.9,"Carg xar","Stby"))))) | J31: =IF(OR(I31="Carg FV",I31="Carg xar"),MIN(IF(I31="Carg FV",ABS(H31),7.4),7.4,MAX(0,(0.9-M31)*40)*0.95),0) | K31: =IF(I31="V2H",MIN(MAX(0,H31),7.4,MAX(0,(M31-P31)*40)*0.95),0) | L31: =IF(E31=0,0,MAX(0,H31-K31)) | M31: =M30+J30/40-IF(I30="V2H",K30/(0.95*40),0)-IF(E31=0,IF(E30=1,IF(D31=1,30,40)*0.18/(2*40),0),0)-IF(E31=1,IF(E30=0,IF(D31=1,30,40)*0.18/(2*40),0),0) | N31: 0.09 | O31: =K31*N31 | P31: =IF(E31=0,0.3,IF(D31=1,IF(C31>=Params!$B$13-3,IF(C31<Params!$B$13,Params!$B$20,0.3),0.3),IF(C31>=Params!$B$15-3,IF(C31<Params!$B$15,Params!$B$21,0.3),0.3)))
A32: 29 | B32: 02/01 | C32: 4 | D32: 0 | E32: =IF(D32=1, IF(OR(C32<10, C32>=15),1,0), IF(OR(C32<7, C32>=18),1,0)) | F32: 4.182 | G32: =0*8 | H32: =F32-G32 | I32: =IF(E32=0,"Fora",IF(E31=0,"Carg xar",IF(H32<0,IF(M32<0.9,"Carg FV","Stby"),IF(M32>P32,"V2H",IF(M32<0.9,"Carg xar","Stby"))))) | J32: =IF(OR(I32="Carg FV",I32="Carg xar"),MIN(IF(I32="Carg FV",ABS(H32),7.4),7.4,MAX(0,(0.9-M32)*40)*0.95),0) | K32: =IF(I32="V2H",MIN(MAX(0,H32),7.4,MAX(0,(M32-P32)*40)*0.95),0) | L32: =IF(E32=0,0,MAX(0,H32-K32)) | M32: =M31+J31/40-IF(I31="V2H",K31/(0.95*40),0)-IF(E32=0,IF(E31=1,IF(D32=1,30,40)*0.18/(2*40),0),0)-IF(E32=1,IF(E31=0,IF(D32=1,30,40)*0.18/(2*40),0),0) | N32: 0.09 | O32: =K32*N32 | P32: =IF(E32=0,0.3,IF(D32=1,IF(C32>=Params!$B$13-3,IF(C32<Params!$B$13,Params!$B$20,0.3),0.3),IF(C32>=Params!$B$15-3,IF(C32<Params!$B$15,Params!$B$21,0.3),0.3)))
... A35: 32 | B35: 02/01 | C35: 7 | D35: 0 | E35: =IF(D35=1, IF(OR(C35<10, C35>=15),1,0), IF(OR(C35<7, C35>=18),1,0)) | F35: 4.266 | G35: =0*8 | H35: =F35-G35 | I35: =IF(E35=0,"Fora",IF(E34=0,"Carg xar",IF(H35<0,IF(M35<0.9,"Carg FV","Stby"),IF(M35>P35,"V2H",IF(M35<0.9,"Carg xar","Stby"))))) | J35: =IF(OR(I35="Carg FV",I35="Carg xar"),MIN(IF(I35="Carg FV",ABS(H35),7.4),7.4,MAX(0,(0.9-M35)*40)*0.95),0) | K35: =IF(I35="V2H",MIN(MAX(0,H35),7.4,MAX(0,(M35-P35)*40)*0.95),0) | L35: =IF(E35=0,0,MAX(0,H35-K35)) | M35: =M34+J34/40-IF(I34="V2H",K34/(0.95*40),0)-IF(E35=0,IF(E34=1,IF(D35=1,30,40)*0.18/(2*40),0),0)-IF(E35=1,IF(E34=0,IF(D35=1,30,40)*0.18/(2*40),0),0) | N35: 0.09 | O35: =K35*N35 | P35: =IF(E35=0,0.3,IF(D35=1,IF(C35>=Params!$B$13-3,IF(C35<Params!$B$13,Params!$B$20,0.3),0.3),IF(C35>=Params!$B$15-3,IF(C35<Params!$B$15,Params!$B$21,0.3),0.3)))
A36: 33 | B36: 02/01 | C36: 8 | D36: 0 | E36: =IF(D36=1, IF(OR(C36<10, C36>=15),1,0), IF(OR(C36<7, C36>=18),1,0)) | F36: 4.371 | G36: =0.05*8 | H36: =F36-G36 | I36: =IF(E36=0,"Fora",IF(E35=0,"Carg xar",IF(H36<0,IF(M36<0.9,"Carg FV","Stby"),IF(M36>P36,"V2H",IF(M36<0.9,"Carg xar","Stby"))))) | J36: =IF(OR(I36="Carg FV",I36="Carg xar"),MIN(IF(I36="Carg FV",ABS(H36),7.4),7.4,MAX(0,(0.9-M36)*40)*0.95),0) | K36: =IF(I36="V2H",MIN(MAX(0,H36),7.4,MAX(0,(M36-P36)*40)*0.95),0) | L36: =IF(E36=0,0,MAX(0,H36-K36)) | M36: =M35+J35/40-IF(I35="V2H",K35/(0.95*40),0)-IF(E36=0,IF(E35=1,IF(D36=1,30,40)*0.18/(2*40),0),0)-IF(E36=1,IF(E35=0,IF(D36=1,30,40)*0.18/(2*40),0),0) | N36: 0.15 | O36: =K36*N36 | P36: =IF(E36=0,0.3,IF(D36=1,IF(C36>=Params!$B$13-3,IF(C36<Params!$B$13,Params!$B$20,0.3),0.3),IF(C36>=Params!$B$15-3,IF(C36<Params!$B$15,Params!$B$21,0.3),0.3)))
A37: 34 | B37: 02/01 | C37: 9 | D37: 0 | E37: =IF(D37=1, IF(OR(C37<10, C37>=15),1,0), IF(OR(C37<7, C37>=18),1,0)) | F37: 1.596 | G37: =0.18*8 | H37: =F37-G37 | I37: =IF(E37=0,"Fora",IF(E36=0,"Carg xar",IF(H37<0,IF(M37<0.9,"Carg FV","Stby"),IF(M37>P37,"V2H",IF(M37<0.9,"Carg xar","Stby"))))) | J37: =IF(OR(I37="Carg FV",I37="Carg xar"),MIN(IF(I37="Carg FV",ABS(H37),7.4),7.4,MAX(0,(0.9-M37)*40)*0.95),0) | K37: =IF(I37="V2H",MIN(MAX(0,H37),7.4,MAX(0,(M37-P37)*40)*0.95),0) | L37: =IF(E37=0,0,MAX(0,H37-K37)) | M37: =M36+J36/40-IF(I36="V2H",K36/(0.95*40),0)-IF(E37=0,IF(E36=1,IF(D37=1,30,40)*0.18/(2*40),0),0)-IF(E37=1,IF(E36=0,IF(D37=1,30,40)*0.18/(2*40),0),0) | N37: 0.15 | O37: =K37*N37 | P37: =IF(E37=0,0.3,IF(D37=1,IF(C37>=Params!$B$13-3,IF(C37<Params!$B$13,Params!$B$20,0.3),0.3),IF(C37>=Params!$B$15-3,IF(C37<Params!$B$15,Params!$B$21,0.3),0.3)))
A38: 35 | B38: 02/01 | C38: 10 | D38: 0 | E38: =IF(D38=1, IF(OR(C38<10, C38>=15),1,0), IF(OR(C38<7, C38>=18),1,0)) | F38: 1.336 | G38: =0.38*8 | H38: =F38-G38 | I38: =IF(E38=0,"Fora",IF(E37=0,"Carg xar",IF(H38<0,IF(M38<0.9,"Carg FV","Stby"),IF(M38>P38,"V2H",IF(M38<0.9,"Carg xar","Stby"))))) | J38: =IF(OR(I38="Carg FV",I38="Carg xar"),MIN(IF(I38="Carg FV",ABS(H38),7.4),7.4,MAX(0,(0.9-M38)*40)*0.95),0) | K38: =IF(I38="V2H",MIN(MAX(0,H38),7.4,MAX(0,(M38-P38)*40)*0.95),0) | L38: =IF(E38=0,0,MAX(0,H38-K38)) | M38: =M37+J37/40-IF(I37="V2H",K37/(0.95*40),0)-IF(E38=0,IF(E37=1,IF(D38=1,30,40)*0.18/(2*40),0),0)-IF(E38=1,IF(E37=0,IF(D38=1,30,40)*0.18/(2*40),0),0) | N38: 0.2 | O38: =K38*N38 | P38: =IF(E38=0,0.3,IF(D38=1,IF(C38>=Params!$B$13-3,IF(C38<Params!$B$13,Params!$B$20,0.3),0.3),IF(C38>=Params!$B$15-3,IF(C38<Params!$B$15,Params!$B$21,0.3),0.3)))
A39: 36 | B39: 02/01 | C39: 11 | D39: 0 | E39: =IF(D39=1, IF(OR(C39<10, C39>=15),1,0), IF(OR(C39<7, C39>=18),1,0)) | F39: 0 | G39: =0.52*8 | H39: =F39-G39 | I39: =IF(E39=0,"Fora",IF(E38=0,"Carg xar",IF(H39<0,IF(M39<0.9,"Carg FV","Stby"),IF(M39>P39,"V2H",IF(M39<0.9,"Carg xar","Stby"))))) | J39: =IF(OR(I39="Carg FV",I39="Carg xar"),MIN(IF(I39="Carg FV",ABS(H39),7.4),7.4,MAX(0,(0.9-M39)*40)*0.95),0) | K39: =IF(I39="V2H",MIN(MAX(0,H39),7.4,MAX(0,(M39-P39)*40)*0.95),0) | L39: =IF(E39=0,0,MAX(0,H39-K39)) | M39: =M38+J38/40-IF(I38="V2H",K38/(0.95*40),0)-IF(E39=0,IF(E38=1,IF(D39=1,30,40)*0.18/(2*40),0),0)-IF(E39=1,IF(E38=0,IF(D39=1,30,40)*0.18/(2*40),0),0) | N39: 0.2 | O39: =K39*N39 | P39: =IF(E39=0,0.3,IF(D39=1,IF(C39>=Params!$B$13-3,IF(C39<Params!$B$13,Params!$B$20,0.3),0.3),IF(C39>=Params!$B$15-3,IF(C39<Params!$B$15,Params!$B$21,0.3),0.3)))
A40: 37 | B40: 02/01 | C40: 12 | D40: 0 | E40: =IF(D40=1, IF(OR(C40<10, C40>=15),1,0), IF(OR(C40<7, C40>=18),1,0)) | F40: 2.211 | G40: =0.58*8 | H40: =F40-G40 | I40: =IF(E40=0,"Fora",IF(E39=0,"Carg xar",IF(H40<0,IF(M40<0.9,"Carg FV","Stby"),IF(M40>P40,"V2H",IF(M40<0.9,"Carg xar","Stby"))))) | J40: =IF(OR(I40="Carg FV",I40="Carg xar"),MIN(IF(I40="Carg FV",ABS(H40),7.4),7.4,MAX(0,(0.9-M40)*40)*0.95),0) | K40: =IF(I40="V2H",MIN(MAX(0,H40),7.4,MAX(0,(M40-P40)*40)*0.95),0) | L40: =IF(E40=0,0,MAX(0,H40-K40)) | M40: =M39+J39/40-IF(I39="V2H",K39/(0.95*40),0)-IF(E40=0,IF(E39=1,IF(D40=1,30,40)*0.18/(2*40),0),0)-IF(E40=1,IF(E39=0,IF(D40=1,30,40)*0.18/(2*40),0),0) | N40: 0.2 | O40: =K40*N40 | P40: =IF(E40=0,0.3,IF(D40=1,IF(C40>=Params!$B$13-3,IF(C40<Params!$B$13,Params!$B$20,0.3),0.3),IF(C40>=Params!$B$15-3,IF(C40<Params!$B$15,Params!$B$21,0.3),0.3)))
A41: 38 | B41: 02/01 | C41: 13 | D41: 0 | E41: =IF(D41=1, IF(OR(C41<10, C41>=15),1,0), IF(OR(C41<7, C41>=18),1,0)) | F41: 0 | G41: =0.55*8 | H41: =F41-G41 | I41: =IF(E41=0,"Fora",IF(E40=0,"Carg xar",IF(H41<0,IF(M41<0.9,"Carg FV","Stby"),IF(M41>P41,"V2H",IF(M41<0.9,"Carg xar","Stby"))))) | J41: =IF(OR(I41="Carg FV",I41="Carg xar"),MIN(IF(I41="Carg FV",ABS(H41),7.4),7.4,MAX(0,(0.9-M41)*40)*0.95),0) | K41: =IF(I41="V2H",MIN(MAX(0,H41),7.4,MAX(0,(M41-P41)*40)*0.95),0) | L41: =IF(E41=0,0,MAX(0,H41-K41)) | M41: =M40+J40/40-IF(I40="V2H",K40/(0.95*40),0)-IF(E41=0,IF(E40=1,IF(D41=1,30,40)*0.18/(2*40),0),0)-IF(E41=1,IF(E40=0,IF(D41=1,30,40)*0.18/(2*40),0),0) | N41: 0.2 | O41: =K41*N41 | P41: =IF(E41=0,0.3,IF(D41=1,IF(C41>=Params!$B$13-3,IF(C41<Params!$B$13,Params!$B$20,0.3),0.3),IF(C41>=Params!$B$15-3,IF(C41<Params!$B$15,Params!$B$21,0.3),0.3)))
A42: 39 | B42: 02/01 | C42: 14 | D42: 0 | E42: =IF(D42=1, IF(OR(C42<10, C42>=15),1,0), IF(OR(C42<7, C42>=18),1,0)) | F42: 0 | G42: =0.42*8 | H42: =F42-G42 | I42: =IF(E42=0,"Fora",IF(E41=0,"Carg xar",IF(H42<0,IF(M42<0.9,"Carg FV","Stby"),IF(M42>P42,"V2H",IF(M42<0.9,"Carg xar","Stby"))))) | J42: =IF(OR(I42="Carg FV",I42="Carg xar"),MIN(IF(I42="Carg FV",ABS(H42),7.4),7.4,MAX(0,(0.9-M42)*40)*0.95),0) | K42: =IF(I42="V2H",MIN(MAX(0,H42),7.4,MAX(0,(M42-P42)*40)*0.95),0) | L42: =IF(E42=0,0,MAX(0,H42-K42)) | M42: =M41+J41/40-IF(I41="V2H",K41/(0.95*40),0)-IF(E42=0,IF(E41=1,IF(D42=1,30,40)*0.18/(2*40),0),0)-IF(E42=1,IF(E41=0,IF(D42=1,30,40)*0.18/(2*40),0),0) | N42: 0.15 | O42: =K42*N42 | P42: =IF(E42=0,0.3,IF(D42=1,IF(C42>=Params!$B$13-3,IF(C42<Params!$B$13,Params!$B$20,0.3),0.3),IF(C42>=Params!$B$15-3,IF(C42<Params!$B$15,Params!$B$21,0.3),0.3)))
A43: 40 | B43: 02/01 | C43: 15 | D43: 0 | E43: =IF(D43=1, IF(OR(C43<10, C43>=15),1,0), IF(OR(C43<7, C43>=18),1,0)) | F43: 0.118 | G43: =0.22*8 | H43: =F43-G43 | I43: =IF(E43=0,"Fora",IF(E42=0,"Carg xar",IF(H43<0,IF(M43<0.9,"Carg FV","Stby"),IF(M43>P43,"V2H",IF(M43<0.9,"Carg xar","Stby"))))) | J43: =IF(OR(I43="Carg FV",I43="Carg xar"),MIN(IF(I43="Carg FV",ABS(H43),7.4),7.4,MAX(0,(0.9-M43)*40)*0.95),0) | K43: =IF(I43="V2H",MIN(MAX(0,H43),7.4,MAX(0,(M43-P43)*40)*0.95),0) | L43: =IF(E43=0,0,MAX(0,H43-K43)) | M43: =M42+J42/40-IF(I42="V2H",K42/(0.95*40),0)-IF(E43=0,IF(E42=1,IF(D43=1,30,40)*0.18/(2*40),0),0)-IF(E43=1,IF(E42=0,IF(D43=1,30,40)*0.18/(2*40),0),0) | N43: 0.15 | O43: =K43*N43 | P43: =IF(E43=0,0.3,IF(D43=1,IF(C43>=Params!$B$13-3,IF(C43<Params!$B$13,Params!$B$20,0.3),0.3),IF(C43>=Params!$B$15-3,IF(C43<Params!$B$15,Params!$B$21,0.3),0.3)))
A44: 41 | B44: 02/01 | C44: 16 | D44: 0 | E44: =IF(D44=1, IF(OR(C44<10, C44>=15),1,0), IF(OR(C44<7, C44>=18),1,0)) | F44: 0.197 | G44: =0.05*8 | H44: =F44-G44 | I44: =IF(E44=0,"Fora",IF(E43=0,"Carg xar",IF(H44<0,IF(M44<0.9,"Carg FV","Stby"),IF(M44>P44,"V2H",IF(M44<0.9,"Carg xar","Stby"))))) | J44: =IF(OR(I44="Carg FV",I44="Carg xar"),MIN(IF(I44="Carg FV",ABS(H44),7.4),7.4,MAX(0,(0.9-M44)*40)*0.95),0) | K44: =IF(I44="V2H",MIN(MAX(0,H44),7.4,MAX(0,(M44-P44)*40)*0.95),0) | L44: =IF(E44=0,0,MAX(0,H44-K44)) | M44: =M43+J43/40-IF(I43="V2H",K43/(0.95*40),0)-IF(E44=0,IF(E43=1,IF(D44=1,30,40)*0.18/(2*40),0),0)-IF(E44=1,IF(E43=0,IF(D44=1,30,40)*0.18/(2*40),0),0) | N44: 0.15 | O44: =K44*N44 | P44: =IF(E44=0,0.3,IF(D44=1,IF(C44>=Params!$B$13-3,IF(C44<Params!$B$13,Params!$B$20,0.3),0.3),IF(C44>=Params!$B$15-3,IF(C44<Params!$B$15,Params!$B$21,0.3),0.3)))
A45: 42 | B45: 02/01 | C45: 17 | D45: 0 | E45: =IF(D45=1, IF(OR(C45<10, C45>=15),1,0), IF(OR(C45<7, C45>=18),1,0)) | F45: 0.375 | G45: =0*8 | H45: =F45-G45 | I45: =IF(E45=0,"Fora",IF(E44=0,"Carg xar",IF(H45<0,IF(M45<0.9,"Carg FV","Stby"),IF(M45>P45,"V2H",IF(M45<0.9,"Carg xar","Stby"))))) | J45: =IF(OR(I45="Carg FV",I45="Carg xar"),MIN(IF(I45="Carg FV",ABS(H45),7.4),7.4,MAX(0,(0.9-M45)*40)*0.95),0) | K45: =IF(I45="V2H",MIN(MAX(0,H45),7.4,MAX(0,(M45-P45)*40)*0.95),0) | L45: =IF(E45=0,0,MAX(0,H45-K45)) | M45: =M44+J44/40-IF(I44="V2H",K44/(0.95*40),0)-IF(E45=0,IF(E44=1,IF(D45=1,30,40)*0.18/(2*40),0),0)-IF(E45=1,IF(E44=0,IF(D45=1,30,40)*0.18/(2*40),0),0) | N45: 0.15 | O45: =K45*N45 | P45: =IF(E45=0,0.3,IF(D45=1,IF(C45>=Params!$B$13-3,IF(C45<Params!$B$13,Params!$B$20,0.3),0.3),IF(C45>=Params!$B$15-3,IF(C45<Params!$B$15,Params!$B$21,0.3),0.3)))
A46: 43 | B46: 02/01 | C46: 18 | D46: 0 | E46: =IF(D46=1, IF(OR(C46<10, C46>=15),1,0), IF(OR(C46<7, C46>=18),1,0)) | F46: 0.339 | G46: =0*8 | H46: =F46-G46 | I46: =IF(E46=0,"Fora",IF(E45=0,"Carg xar",IF(H46<0,IF(M46<0.9,"Carg FV","Stby"),IF(M46>P46,"V2H",IF(M46<0.9,"Carg xar","Stby"))))) | J46: =IF(OR(I46="Carg FV",I46="Carg xar"),MIN(IF(I46="Carg FV",ABS(H46),7.4),7.4,MAX(0,(0.9-M46)*40)*0.95),0) | K46: =IF(I46="V2H",MIN(MAX(0,H46),7.4,MAX(0,(M46-P46)*40)*0.95),0) | L46: =IF(E46=0,0,MAX(0,H46-K46)) | M46: =M45+J45/40-IF(I45="V2H",K45/(0.95*40),0)-IF(E46=0,IF(E45=1,IF(D46=1,30,40)*0.18/(2*40),0),0)-IF(E46=1,IF(E45=0,IF(D46=1,30,40)*0.18/(2*40),0),0) | N46: 0.2 | O46: =K46*N46 | P46: =IF(E46=0,0.3,IF(D46=1,IF(C46>=Params!$B$13-3,IF(C46<Params!$B$13,Params!$B$20,0.3),0.3),IF(C46>=Params!$B$15-3,IF(C46<Params!$B$15,Params!$B$21,0.3),0.3)))
A47: 44 | B47: 02/01 | C47: 19 | D47: 0 | E47: =IF(D47=1, IF(OR(C47<10, C47>=15),1,0), IF(OR(C47<7, C47>=18),1,0)) | F47: 3.836 | G47: =0*8 | H47: =F47-G47 | I47: =IF(E47=0,"Fora",IF(E46=0,"Carg xar",IF(H47<0,IF(M47<0.9,"Carg FV","Stby"),IF(M47>P47,"V2H",IF(M47<0.9,"Carg xar","Stby"))))) | J47: =IF(OR(I47="Carg FV",I47="Carg xar"),MIN(IF(I47="Carg FV",ABS(H47),7.4),7.4,MAX(0,(0.9-M47)*40)*0.95),0) | K47: =IF(I47="V2H",MIN(MAX(0,H47),7.4,MAX(0,(M47-P47)*40)*0.95),0) | L47: =IF(E47=0,0,MAX(0,H47-K47)) | M47: =M46+J46/40-IF(I46="V2H",K46/(0.95*40),0)-IF(E47=0,IF(E46=1,IF(D47=1,30,40)*0.18/(2*40),0),0)-IF(E47=1,IF(E46=0,IF(D47=1,30,40)*0.18/(2*40),0),0) | N47: 0.2 | O47: =K47*N47 | P47: =IF(E47=0,0.3,IF(D47=1,IF(C47>=Params!$B$13-3,IF(C47<Params!$B$13,Params!$B$20,0.3),0.3),IF(C47>=Params!$B$15-3,IF(C47<Params!$B$15,Params!$B$21,0.3),0.3)))
A48: 45 | B48: 02/01 | C48: 20 | D48: 0 | E48: =IF(D48=1, IF(OR(C48<10, C48>=15),1,0), IF(OR(C48<7, C48>=18),1,0)) | F48: 4.486 | G48: =0*8 | H48: =F48-G48 | I48: =IF(E48=0,"Fora",IF(E47=0,"Carg xar",IF(H48<0,IF(M48<0.9,"Carg FV","Stby"),IF(M48>P48,"V2H",IF(M48<0.9,"Carg xar","Stby"))))) | J48: =IF(OR(I48="Carg FV",I48="Carg xar"),MIN(IF(I48="Carg FV",ABS(H48),7.4),7.4,MAX(0,(0.9-M48)*40)*0.95),0) | K48: =IF(I48="V2H",MIN(MAX(0,H48),7.4,MAX(0,(M48-P48)*40)*0.95),0) | L48: =IF(E48=0,0,MAX(0,H48-K48)) | M48: =M47+J47/40-IF(I47="V2H",K47/(0.95*40),0)-IF(E48=0,IF(E47=1,IF(D48=1,30,40)*0.18/(2*40),0),0)-IF(E48=1,IF(E47=0,IF(D48=1,30,40)*0.18/(2*40),0),0) | N48: 0.2 | O48: =K48*N48 | P48: =IF(E48=0,0.3,IF(D48=1,IF(C48>=Params!$B$13-3,IF(C48<Params!$B$13,Params!$B$20,0.3),0.3),IF(C48>=Params!$B$15-3,IF(C48<Params!$B$15,Params!$B$21,0.3),0.3)))
A49: 46 | B49: 02/01 | C49: 21 | D49: 0 | E49: =IF(D49=1, IF(OR(C49<10, C49>=15),1,0), IF(OR(C49<7, C49>=18),1,0)) | F49: 3.897 | G49: =0*8 | H49: =F49-G49 | I49: =IF(E49=0,"Fora",IF(E48=0,"Carg xar",IF(H49<0,IF(M49<0.9,"Carg FV","Stby"),IF(M49>P49,"V2H",IF(M49<0.9,"Carg xar","Stby"))))) | J49: =IF(OR(I49="Carg FV",I49="Carg xar"),MIN(IF(I49="Carg FV",ABS(H49),7.4),7.4,MAX(0,(0.9-M49)*40)*0.95),0) | K49: =IF(I49="V2H",MIN(MAX(0,H49),7.4,MAX(0,(M49-P49)*40)*0.95),0) | L49: =IF(E49=0,0,MAX(0,H49-K49)) | M49: =M48+J48/40-IF(I48="V2H",K48/(0.95*40),0)-IF(E49=0,IF(E48=1,IF(D49=1,30,40)*0.18/(2*40),0),0)-IF(E49=1,IF(E48=0,IF(D49=1,30,40)*0.18/(2*40),0),0) | N49: 0.2 | O49: =K49*N49 | P49: =IF(E49=0,0.3,IF(D49=1,IF(C49>=Params!$B$13-3,IF(C49<Params!$B$13,Params!$B$20,0.3),0.3),IF(C49>=Params!$B$15-3,IF(C49<Params!$B$15,Params!$B$21,0.3),0.3)))
A50: 47 | B50: 02/01 | C50: 22 | D50: 0 | E50: =IF(D50=1, IF(OR(C50<10, C50>=15),1,0), IF(OR(C50<7, C50>=18),1,0)) | F50: 3.56 | G50: =0*8 | H50: =F50-G50 | I50: =IF(E50=0,"Fora",IF(E49=0,"Carg xar",IF(H50<0,IF(M50<0.9,"Carg FV","Stby"),IF(M50>P50,"V2H",IF(M50<0.9,"Carg xar","Stby"))))) | J50: =IF(OR(I50="Carg FV",I50="Carg xar"),MIN(IF(I50="Carg FV",ABS(H50),7.4),7.4,MAX(0,(0.9-M50)*40)*0.95),0) | K50: =IF(I50="V2H",MIN(MAX(0,H50),7.4,MAX(0,(M50-P50)*40)*0.95),0) | L50: =IF(E50=0,0,MAX(0,H50-K50)) | M50: =M49+J49/40-IF(I49="V2H",K49/(0.95*40),0)-IF(E50=0,IF(E49=1,IF(D50=1,30,40)*0.18/(2*40),0),0)-IF(E50=1,IF(E49=0,IF(D50=1,30,40)*0.18/(2*40),0),0) | N50: 0.15 | O50: =K50*N50 | P50: =IF(E50=0,0.3,IF(D50=1,IF(C50>=Params!$B$13-3,IF(C50<Params!$B$13,Params!$B$20,0.3),0.3),IF(C50>=Params!$B$15-3,IF(C50<Params!$B$15,Params!$B$21,0.3),0.3)))
A51: 48 | B51: 02/01 | C51: 23 | D51: 0 | E51: =IF(D51=1, IF(OR(C51<10, C51>=15),1,0), IF(OR(C51<7, C51>=18),1,0)) | F51: 3.849 | G51: =0*8 | H51: =F51-G51 | I51: =IF(E51=0,"Fora",IF(E50=0,"Carg xar",IF(H51<0,IF(M51<0.9,"Carg FV","Stby"),IF(M51>P51,"V2H",IF(M51<0.9,"Carg xar","Stby"))))) | J51: =IF(OR(I51="Carg FV",I51="Carg xar"),MIN(IF(I51="Carg FV",ABS(H51),7.4),7.4,MAX(0,(0.9-M51)*40)*0.95),0) | K51: =IF(I51="V2H",MIN(MAX(0,H51),7.4,MAX(0,(M51-P51)*40)*0.95),0) | L51: =IF(E51=0,0,MAX(0,H51-K51)) | M51: =M50+J50/40-IF(I50="V2H",K50/(0.95*40),0)-IF(E51=0,IF(E50=1,IF(D51=1,30,40)*0.18/(2*40),0),0)-IF(E51=1,IF(E50=0,IF(D51=1,30,40)*0.18/(2*40),0),0) | N51: 0.15 | O51: =K51*N51 | P51: =IF(E51=0,0.3,IF(D51=1,IF(C51>=Params!$B$13-3,IF(C51<Params!$B$13,Params!$B$20,0.3),0.3),IF(C51>=Params!$B$15-3,IF(C51<Params!$B$15,Params!$B$21,0.3),0.3)))
A52: 49 | B52: 03/01 | C52: 0 | D52: 0 | E52: =IF(D52=1, IF(OR(C52<10, C52>=15),1,0), IF(OR(C52<7, C52>=18),1,0)) | F52: 3.197 | G52: =0*8 | H52: =F52-G52 | I52: =IF(E52=0,"Fora",IF(E51=0,"Carg xar",IF(H52<0,IF(M52<0.9,"Carg FV","Stby"),IF(M52>P52,"V2H",IF(M52<0.9,"Carg xar","Stby"))))) | J52: =IF(OR(I52="Carg FV",I52="Carg xar"),MIN(IF(I52="Carg FV",ABS(H52),7.4),7.4,MAX(0,(0.9-M52)*40)*0.95),0) | K52: =IF(I52="V2H",MIN(MAX(0,H52),7.4,MAX(0,(M52-P52)*40)*0.95),0) | L52: =IF(E52=0,0,MAX(0,H52-K52)) | M52: =M51+J51/40-IF(I51="V2H",K51/(0.95*40),0)-IF(E52=0,IF(E51=1,IF(D52=1,30,40)*0.18/(2*40),0),0)-IF(E52=1,IF(E51=0,IF(D52=1,30,40)*0.18/(2*40),0),0) | N52: 0.09 | O52: =K52*N52 | P52: =IF(E52=0,0.3,IF(D52=1,IF(C52>=Params!$B$13-3,IF(C52<Params!$B$13,Params!$B$20,0.3),0.3),IF(C52>=Params!$B$15-3,IF(C52<Params!$B$15,Params!$B$21,0.3),0.3)))
A53: 50 | B53: 03/01 | C53: 1 | D53: 0 | E53: =IF(D53=1, IF(OR(C53<10, C53>=15),1,0), IF(OR(C53<7, C53>=18),1,0)) | F53: 3.423 | G53: =0*8 | H53: =F53-G53 | I53: =IF(E53=0,"Fora",IF(E52=0,"Carg xar",IF(H53<0,IF(M53<0.9,"Carg FV","Stby"),IF(M53>P53,"V2H",IF(M53<0.9,"Carg xar","Stby"))))) | J53: =IF(OR(I53="Carg FV",I53="Carg xar"),MIN(IF(I53="Carg FV",ABS(H53),7.4),7.4,MAX(0,(0.9-M53)*40)*0.95),0) | K53: =IF(I53="V2H",MIN(MAX(0,H53),7.4,MAX(0,(M53-P53)*40)*0.95),0) | L53: =IF(E53=0,0,MAX(0,H53-K53)) | M53: =M52+J52/40-IF(I52="V2H",K52/(0.95*40),0)-IF(E53=0,IF(E52=1,IF(D53=1,30,40)*0.18/(2*40),0),0)-IF(E53=1,IF(E52=0,IF(D53=1,30,40)*0.18/(2*40),0),0) | N53: 0.09 | O53: =K53*N53 | P53: =IF(E53=0,0.3,IF(D53=1,IF(C53>=Params!$B$13-3,IF(C53<Params!$B$13,Params!$B$20,0.3),0.3),IF(C53>=Params!$B$15-3,IF(C53<Params!$B$15,Params!$B$21,0.3),0.3)))
A54: 51 | B54: 03/01 | C54: 2 | D54: 0 | E54: =IF(D54=1, IF(OR(C54<10, C54>=15),1,0), IF(OR(C54<7, C54>=18),1,0)) | F54: 3.525 | G54: =0*8 | H54: =F54-G54 | I54: =IF(E54=0,"Fora",IF(E53=0,"Carg xar",IF(H54<0,IF(M54<0.9,"Carg FV","Stby"),IF(M54>P54,"V2H",IF(M54<0.9,"Carg xar","Stby"))))) | J54: =IF(OR(I54="Carg FV",I54="Carg xar"),MIN(IF(I54="Carg FV",ABS(H54),7.4),7.4,MAX(0,(0.9-M54)*40)*0.95),0) | K54: =IF(I54="V2H",MIN(MAX(0,H54),7.4,MAX(0,(M54-P54)*40)*0.95),0) | L54: =IF(E54=0,0,MAX(0,H54-K54)) | M54: =M53+J53/40-IF(I53="V2H",K53/(0.95*40),0)-IF(E54=0,IF(E53=1,IF(D54=1,30,40)*0.18/(2*40),0),0)-IF(E54=1,IF(E53=0,IF(D54=1,30,40)*0.18/(2*40),0),0) | N54: 0.09 | O54: =K54*N54 | P54: =IF(E54=0,0.3,IF(D54=1,IF(C54>=Params!$B$13-3,IF(C54<Params!$B$13,Params!$B$20,0.3),0.3),IF(C54>=Params!$B$15-3,IF(C54<Params!$B$15,Params!$B$21,0.3),0.3)))
A55: 52 | B55: 03/01 | C55: 3 | D55: 0 | E55: =IF(D55=1, IF(OR(C55<10, C55>=15),1,0), IF(OR(C55<7, C55>=18),1,0)) | F55: 3.697 | G55: =0*8 | H55: =F55-G55 | I55: =IF(E55=0,"Fora",IF(E54=0,"Carg xar",IF(H55<0,IF(M55<0.9,"Carg FV","Stby"),IF(M55>P55,"V2H",IF(M55<0.9,"Carg xar","Stby"))))) | J55: =IF(OR(I55="Carg FV",I55="Carg xar"),MIN(IF(I55="Carg FV",ABS(H55),7.4),7.4,MAX(0,(0.9-M55)*40)*0.95),0) | K55: =IF(I55="V2H",MIN(MAX(0,H55),7.4,MAX(0,(M55-P55)*40)*0.95),0) | L55: =IF(E55=0,0,MAX(0,H55-K55)) | M55: =M54+J54/40-IF(I54="V2H",K54/(0.95*40),0)-IF(E55=0,IF(E54=1,IF(D55=1,30,40)*0.18/(2*40),0),0)-IF(E55=1,IF(E54=0,IF(D55=1,30,40)*0.18/(2*40),0),0) | N55: 0.09 | O55: =K55*N55 | P55: =IF(E55=0,0.3,IF(D55=1,IF(C55>=Params!$B$13-3,IF(C55<Params!$B$13,Params!$B$20,0.3),0.3),IF(C55>=Params!$B$15-3,IF(C55<Params!$B$15,Params!$B$21,0.3),0.3)))
A56: 53 | B56: 03/01 | C56: 4 | D56: 0 | E56: =IF(D56=1, IF(OR(C56<10, C56>=15),1,0), IF(OR(C56<7, C56>=18),1,0)) | F56: 2.327 | G56: =0*8 | H56: =F56-G56 | I56: =IF(E56=0,"Fora",IF(E55=0,"Carg xar",IF(H56<0,IF(M56<0.9,"Carg FV","Stby"),IF(M56>P56,"V2H",IF(M56<0.9,"Carg xar","Stby"))))) | J56: =IF(OR(I56="Carg FV",I56="Carg xar"),MIN(IF(I56="Carg FV",ABS(H56),7.4),7.4,MAX(0,(0.9-M56)*40)*0.95),0) | K56: =IF(I56="V2H",MIN(MAX(0,H56),7.4,MAX(0,(M56-P56)*40)*0.95),0) | L56: =IF(E56=0,0,MAX(0,H56-K56)) | M56: =M55+J55/40-IF(I55="V2H",K55/(0.95*40),0)-IF(E56=0,IF(E55=1,IF(D56=1,30,40)*0.18/(2*40),0),0)-IF(E56=1,IF(E55=0,IF(D56=1,30,40)*0.18/(2*40),0),0) | N56: 0.09 | O56: =K56*N56 | P56: =IF(E56=0,0.3,IF(D56=1,IF(C56>=Params!$B$13-3,IF(C56<Params!$B$13,Params!$B$20,0.3),0.3),IF(C56>=Params!$B$15-3,IF(C56<Params!$B$15,Params!$B$21,0.3),0.3)))
... A59: 56 | B59: 03/01 | C59: 7 | D59: 0 | E59: =IF(D59=1, IF(OR(C59<10, C59>=15),1,0), IF(OR(C59<7, C59>=18),1,0)) | F59: 0.11 | G59: =0*8 | H59: =F59-G59 | I59: =IF(E59=0,"Fora",IF(E58=0,"Carg xar",IF(H59<0,IF(M59<0.9,"Carg FV","Stby"),IF(M59>P59,"V2H",IF(M59<0.9,"Carg xar","Stby"))))) | J59: =IF(OR(I59="Carg FV",I59="Carg xar"),MIN(IF(I59="Carg FV",ABS(H59),7.4),7.4,MAX(0,(0.9-M59)*40)*0.95),0) | K59: =IF(I59="V2H",MIN(MAX(0,H59),7.4,MAX(0,(M59-P59)*40)*0.95),0) | L59: =IF(E59=0,0,MAX(0,H59-K59)) | M59: =M58+J58/40-IF(I58="V2H",K58/(0.95*40),0)-IF(E59=0,IF(E58=1,IF(D59=1,30,40)*0.18/(2*40),0),0)-IF(E59=1,IF(E58=0,IF(D59=1,30,40)*0.18/(2*40),0),0) | N59: 0.09 | O59: =K59*N59 | P59: =IF(E59=0,0.3,IF(D59=1,IF(C59>=Params!$B$13-3,IF(C59<Params!$B$13,Params!$B$20,0.3),0.3),IF(C59>=Params!$B$15-3,IF(C59<Params!$B$15,Params!$B$21,0.3),0.3)))
A60: 57 | B60: 03/01 | C60: 8 | D60: 0 | E60: =IF(D60=1, IF(OR(C60<10, C60>=15),1,0), IF(OR(C60<7, C60>=18),1,0)) | F60: 3.167 | G60: =0.05*8 | H60: =F60-G60 | I60: =IF(E60=0,"Fora",IF(E59=0,"Carg xar",IF(H60<0,IF(M60<0.9,"Carg FV","Stby"),IF(M60>P60,"V2H",IF(M60<0.9,"Carg xar","Stby"))))) | J60: =IF(OR(I60="Carg FV",I60="Carg xar"),MIN(IF(I60="Carg FV",ABS(H60),7.4),7.4,MAX(0,(0.9-M60)*40)*0.95),0) | K60: =IF(I60="V2H",MIN(MAX(0,H60),7.4,MAX(0,(M60-P60)*40)*0.95),0) | L60: =IF(E60=0,0,MAX(0,H60-K60)) | M60: =M59+J59/40-IF(I59="V2H",K59/(0.95*40),0)-IF(E60=0,IF(E59=1,IF(D60=1,30,40)*0.18/(2*40),0),0)-IF(E60=1,IF(E59=0,IF(D60=1,30,40)*0.18/(2*40),0),0) | N60: 0.15 | O60: =K60*N60 | P60: =IF(E60=0,0.3,IF(D60=1,IF(C60>=Params!$B$13-3,IF(C60<Params!$B$13,Params!$B$20,0.3),0.3),IF(C60>=Params!$B$15-3,IF(C60<Params!$B$15,Params!$B$21,0.3),0.3)))
A61: 58 | B61: 03/01 | C61: 9 | D61: 0 | E61: =IF(D61=1, IF(OR(C61<10, C61>=15),1,0), IF(OR(C61<7, C61>=18),1,0)) | F61: 4.811 | G61: =0.18*8 | H61: =F61-G61 | I61: =IF(E61=0,"Fora",IF(E60=0,"Carg xar",IF(H61<0,IF(M61<0.9,"Carg FV","Stby"),IF(M61>P61,"V2H",IF(M61<0.9,"Carg xar","Stby"))))) | J61: =IF(OR(I61="Carg FV",I61="Carg xar"),MIN(IF(I61="Carg FV",ABS(H61),7.4),7.4,MAX(0,(0.9-M61)*40)*0.95),0) | K61: =IF(I61="V2H",MIN(MAX(0,H61),7.4,MAX(0,(M61-P61)*40)*0.95),0) | L61: =IF(E61=0,0,MAX(0,H61-K61)) | M61: =M60+J60/40-IF(I60="V2H",K60/(0.95*40),0)-IF(E61=0,IF(E60=1,IF(D61=1,30,40)*0.18/(2*40),0),0)-IF(E61=1,IF(E60=0,IF(D61=1,30,40)*0.18/(2*40),0),0) | N61: 0.15 | O61: =K61*N61 | P61: =IF(E61=0,0.3,IF(D61=1,IF(C61>=Params!$B$13-3,IF(C61<Params!$B$13,Params!$B$20,0.3),0.3),IF(C61>=Params!$B$15-3,IF(C61<Params!$B$15,Params!$B$21,0.3),0.3)))
A62: 59 | B62: 03/01 | C62: 10 | D62: 0 | E62: =IF(D62=1, IF(OR(C62<10, C62>=15),1,0), IF(OR(C62<7, C62>=18),1,0)) | F62: 3.636 | G62: =0.38*8 | H62: =F62-G62 | I62: =IF(E62=0,"Fora",IF(E61=0,"Carg xar",IF(H62<0,IF(M62<0.9,"Carg FV","Stby"),IF(M62>P62,"V2H",IF(M62<0.9,"Carg xar","Stby"))))) | J62: =IF(OR(I62="Carg FV",I62="Carg xar"),MIN(IF(I62="Carg FV",ABS(H62),7.4),7.4,MAX(0,(0.9-M62)*40)*0.95),0) | K62: =IF(I62="V2H",MIN(MAX(0,H62),7.4,MAX(0,(M62-P62)*40)*0.95),0) | L62: =IF(E62=0,0,MAX(0,H62-K62)) | M62: =M61+J61/40-IF(I61="V2H",K61/(0.95*40),0)-IF(E62=0,IF(E61=1,IF(D62=1,30,40)*0.18/(2*40),0),0)-IF(E62=1,IF(E61=0,IF(D62=1,30,40)*0.18/(2*40),0),0) | N62: 0.2 | O62: =K62*N62 | P62: =IF(E62=0,0.3,IF(D62=1,IF(C62>=Params!$B$13-3,IF(C62<Params!$B$13,Params!$B$20,0.3),0.3),IF(C62>=Params!$B$15-3,IF(C62<Params!$B$15,Params!$B$21,0.3),0.3)))
A63: 60 | B63: 03/01 | C63: 11 | D63: 0 | E63: =IF(D63=1, IF(OR(C63<10, C63>=15),1,0), IF(OR(C63<7, C63>=18),1,0)) | F63: 3.433 | G63: =0.52*8 | H63: =F63-G63 | I63: =IF(E63=0,"Fora",IF(E62=0,"Carg xar",IF(H63<0,IF(M63<0.9,"Carg FV","Stby"),IF(M63>P63,"V2H",IF(M63<0.9,"Carg xar","Stby"))))) | J63: =IF(OR(I63="Carg FV",I63="Carg xar"),MIN(IF(I63="Carg FV",ABS(H63),7.4),7.4,MAX(0,(0.9-M63)*40)*0.95),0) | K63: =IF(I63="V2H",MIN(MAX(0,H63),7.4,MAX(0,(M63-P63)*40)*0.95),0) | L63: =IF(E63=0,0,MAX(0,H63-K63)) | M63: =M62+J62/40-IF(I62="V2H",K62/(0.95*40),0)-IF(E63=0,IF(E62=1,IF(D63=1,30,40)*0.18/(2*40),0),0)-IF(E63=1,IF(E62=0,IF(D63=1,30,40)*0.18/(2*40),0),0) | N63: 0.2 | O63: =K63*N63 | P63: =IF(E63=0,0.3,IF(D63=1,IF(C63>=Params!$B$13-3,IF(C63<Params!$B$13,Params!$B$20,0.3),0.3),IF(C63>=Params!$B$15-3,IF(C63<Params!$B$15,Params!$B$21,0.3),0.3)))
A64: 61 | B64: 03/01 | C64: 12 | D64: 0 | E64: =IF(D64=1, IF(OR(C64<10, C64>=15),1,0), IF(OR(C64<7, C64>=18),1,0)) | F64: 2.364 | G64: =0.58*8 | H64: =F64-G64 | I64: =IF(E64=0,"Fora",IF(E63=0,"Carg xar",IF(H64<0,IF(M64<0.9,"Carg FV","Stby"),IF(M64>P64,"V2H",IF(M64<0.9,"Carg xar","Stby"))))) | J64: =IF(OR(I64="Carg FV",I64="Carg xar"),MIN(IF(I64="Carg FV",ABS(H64),7.4),7.4,MAX(0,(0.9-M64)*40)*0.95),0) | K64: =IF(I64="V2H",MIN(MAX(0,H64),7.4,MAX(0,(M64-P64)*40)*0.95),0) | L64: =IF(E64=0,0,MAX(0,H64-K64)) | M64: =M63+J63/40-IF(I63="V2H",K63/(0.95*40),0)-IF(E64=0,IF(E63=1,IF(D64=1,30,40)*0.18/(2*40),0),0)-IF(E64=1,IF(E63=0,IF(D64=1,30,40)*0.18/(2*40),0),0) | N64: 0.2 | O64: =K64*N64 | P64: =IF(E64=0,0.3,IF(D64=1,IF(C64>=Params!$B$13-3,IF(C64<Params!$B$13,Params!$B$20,0.3),0.3),IF(C64>=Params!$B$15-3,IF(C64<Params!$B$15,Params!$B$21,0.3),0.3)))
A65: 62 | B65: 03/01 | C65: 13 | D65: 0 | E65: =IF(D65=1, IF(OR(C65<10, C65>=15),1,0), IF(OR(C65<7, C65>=18),1,0)) | F65: 3.467 | G65: =0.55*8 | H65: =F65-G65 | I65: =IF(E65=0,"Fora",IF(E64=0,"Carg xar",IF(H65<0,IF(M65<0.9,"Carg FV","Stby"),IF(M65>P65,"V2H",IF(M65<0.9,"Carg xar","Stby"))))) | J65: =IF(OR(I65="Carg FV",I65="Carg xar"),MIN(IF(I65="Carg FV",ABS(H65),7.4),7.4,MAX(0,(0.9-M65)*40)*0.95),0) | K65: =IF(I65="V2H",MIN(MAX(0,H65),7.4,MAX(0,(M65-P65)*40)*0.95),0) | L65: =IF(E65=0,0,MAX(0,H65-K65)) | M65: =M64+J64/40-IF(I64="V2H",K64/(0.95*40),0)-IF(E65=0,IF(E64=1,IF(D65=1,30,40)*0.18/(2*40),0),0)-IF(E65=1,IF(E64=0,IF(D65=1,30,40)*0.18/(2*40),0),0) | N65: 0.2 | O65: =K65*N65 | P65: =IF(E65=0,0.3,IF(D65=1,IF(C65>=Params!$B$13-3,IF(C65<Params!$B$13,Params!$B$20,0.3),0.3),IF(C65>=Params!$B$15-3,IF(C65<Params!$B$15,Params!$B$21,0.3),0.3)))
A66: 63 | B66: 03/01 | C66: 14 | D66: 0 | E66: =IF(D66=1, IF(OR(C66<10, C66>=15),1,0), IF(OR(C66<7, C66>=18),1,0)) | F66: 4.004 | G66: =0.42*8 | H66: =F66-G66 | I66: =IF(E66=0,"Fora",IF(E65=0,"Carg xar",IF(H66<0,IF(M66<0.9,"Carg FV","Stby"),IF(M66>P66,"V2H",IF(M66<0.9,"Carg xar","Stby"))))) | J66: =IF(OR(I66="Carg FV",I66="Carg xar"),MIN(IF(I66="Carg FV",ABS(H66),7.4),7.4,MAX(0,(0.9-M66)*40)*0.95),0) | K66: =IF(I66="V2H",MIN(MAX(0,H66),7.4,MAX(0,(M66-P66)*40)*0.95),0) | L66: =IF(E66=0,0,MAX(0,H66-K66)) | M66: =M65+J65/40-IF(I65="V2H",K65/(0.95*40),0)-IF(E66=0,IF(E65=1,IF(D66=1,30,40)*0.18/(2*40),0),0)-IF(E66=1,IF(E65=0,IF(D66=1,30,40)*0.18/(2*40),0),0) | N66: 0.15 | O66: =K66*N66 | P66: =IF(E66=0,0.3,IF(D66=1,IF(C66>=Params!$B$13-3,IF(C66<Params!$B$13,Params!$B$20,0.3),0.3),IF(C66>=Params!$B$15-3,IF(C66<Params!$B$15,Params!$B$21,0.3),0.3)))
A67: 64 | B67: 03/01 | C67: 15 | D67: 0 | E67: =IF(D67=1, IF(OR(C67<10, C67>=15),1,0), IF(OR(C67<7, C67>=18),1,0)) | F67: 2.376 | G67: =0.22*8 | H67: =F67-G67 | I67: =IF(E67=0,"Fora",IF(E66=0,"Carg xar",IF(H67<0,IF(M67<0.9,"Carg FV","Stby"),IF(M67>P67,"V2H",IF(M67<0.9,"Carg xar","Stby"))))) | J67: =IF(OR(I67="Carg FV",I67="Carg xar"),MIN(IF(I67="Carg FV",ABS(H67),7.4),7.4,MAX(0,(0.9-M67)*40)*0.95),0) | K67: =IF(I67="V2H",MIN(MAX(0,H67),7.4,MAX(0,(M67-P67)*40)*0.95),0) | L67: =IF(E67=0,0,MAX(0,H67-K67)) | M67: =M66+J66/40-IF(I66="V2H",K66/(0.95*40),0)-IF(E67=0,IF(E66=1,IF(D67=1,30,40)*0.18/(2*40),0),0)-IF(E67=1,IF(E66=0,IF(D67=1,30,40)*0.18/(2*40),0),0) | N67: 0.15 | O67: =K67*N67 | P67: =IF(E67=0,0.3,IF(D67=1,IF(C67>=Params!$B$13-3,IF(C67<Params!$B$13,Params!$B$20,0.3),0.3),IF(C67>=Params!$B$15-3,IF(C67<Params!$B$15,Params!$B$21,0.3),0.3)))
A68: 65 | B68: 03/01 | C68: 16 | D68: 0 | E68: =IF(D68=1, IF(OR(C68<10, C68>=15),1,0), IF(OR(C68<7, C68>=18),1,0)) | F68: 0.671 | G68: =0.05*8 | H68: =F68-G68 | I68: =IF(E68=0,"Fora",IF(E67=0,"Carg xar",IF(H68<0,IF(M68<0.9,"Carg FV","Stby"),IF(M68>P68,"V2H",IF(M68<0.9,"Carg xar","Stby"))))) | J68: =IF(OR(I68="Carg FV",I68="Carg xar"),MIN(IF(I68="Carg FV",ABS(H68),7.4),7.4,MAX(0,(0.9-M68)*40)*0.95),0) | K68: =IF(I68="V2H",MIN(MAX(0,H68),7.4,MAX(0,(M68-P68)*40)*0.95),0) | L68: =IF(E68=0,0,MAX(0,H68-K68)) | M68: =M67+J67/40-IF(I67="V2H",K67/(0.95*40),0)-IF(E68=0,IF(E67=1,IF(D68=1,30,40)*0.18/(2*40),0),0)-IF(E68=1,IF(E67=0,IF(D68=1,30,40)*0.18/(2*40),0),0) | N68: 0.15 | O68: =K68*N68 | P68: =IF(E68=0,0.3,IF(D68=1,IF(C68>=Params!$B$13-3,IF(C68<Params!$B$13,Params!$B$20,0.3),0.3),IF(C68>=Params!$B$15-3,IF(C68<Params!$B$15,Params!$B$21,0.3),0.3)))
A69: 66 | B69: 03/01 | C69: 17 | D69: 0 | E69: =IF(D69=1, IF(OR(C69<10, C69>=15),1,0), IF(OR(C69<7, C69>=18),1,0)) | F69: 0.628 | G69: =0*8 | H69: =F69-G69 | I69: =IF(E69=0,"Fora",IF(E68=0,"Carg xar",IF(H69<0,IF(M69<0.9,"Carg FV","Stby"),IF(M69>P69,"V2H",IF(M69<0.9,"Carg xar","Stby"))))) | J69: =IF(OR(I69="Carg FV",I69="Carg xar"),MIN(IF(I69="Carg FV",ABS(H69),7.4),7.4,MAX(0,(0.9-M69)*40)*0.95),0) | K69: =IF(I69="V2H",MIN(MAX(0,H69),7.4,MAX(0,(M69-P69)*40)*0.95),0) | L69: =IF(E69=0,0,MAX(0,H69-K69)) | M69: =M68+J68/40-IF(I68="V2H",K68/(0.95*40),0)-IF(E69=0,IF(E68=1,IF(D69=1,30,40)*0.18/(2*40),0),0)-IF(E69=1,IF(E68=0,IF(D69=1,30,40)*0.18/(2*40),0),0) | N69: 0.15 | O69: =K69*N69 | P69: =IF(E69=0,0.3,IF(D69=1,IF(C69>=Params!$B$13-3,IF(C69<Params!$B$13,Params!$B$20,0.3),0.3),IF(C69>=Params!$B$15-3,IF(C69<Params!$B$15,Params!$B$21,0.3),0.3)))
A70: 67 | B70: 03/01 | C70: 18 | D70: 0 | E70: =IF(D70=1, IF(OR(C70<10, C70>=15),1,0), IF(OR(C70<7, C70>=18),1,0)) | F70: 0.443 | G70: =0*8 | H70: =F70-G70 | I70: =IF(E70=0,"Fora",IF(E69=0,"Carg xar",IF(H70<0,IF(M70<0.9,"Carg FV","Stby"),IF(M70>P70,"V2H",IF(M70<0.9,"Carg xar","Stby"))))) | J70: =IF(OR(I70="Carg FV",I70="Carg xar"),MIN(IF(I70="Carg FV",ABS(H70),7.4),7.4,MAX(0,(0.9-M70)*40)*0.95),0) | K70: =IF(I70="V2H",MIN(MAX(0,H70),7.4,MAX(0,(M70-P70)*40)*0.95),0) | L70: =IF(E70=0,0,MAX(0,H70-K70)) | M70: =M69+J69/40-IF(I69="V2H",K69/(0.95*40),0)-IF(E70=0,IF(E69=1,IF(D70=1,30,40)*0.18/(2*40),0),0)-IF(E70=1,IF(E69=0,IF(D70=1,30,40)*0.18/(2*40),0),0) | N70: 0.2 | O70: =K70*N70 | P70: =IF(E70=0,0.3,IF(D70=1,IF(C70>=Params!$B$13-3,IF(C70<Params!$B$13,Params!$B$20,0.3),0.3),IF(C70>=Params!$B$15-3,IF(C70<Params!$B$15,Params!$B$21,0.3),0.3)))
A71: 68 | B71: 03/01 | C71: 19 | D71: 0 | E71: =IF(D71=1, IF(OR(C71<10, C71>=15),1,0), IF(OR(C71<7, C71>=18),1,0)) | F71: 0.557 | G71: =0*8 | H71: =F71-G71 | I71: =IF(E71=0,"Fora",IF(E70=0,"Carg xar",IF(H71<0,IF(M71<0.9,"Carg FV","Stby"),IF(M71>P71,"V2H",IF(M71<0.9,"Carg xar","Stby"))))) | J71: =IF(OR(I71="Carg FV",I71="Carg xar"),MIN(IF(I71="Carg FV",ABS(H71),7.4),7.4,MAX(0,(0.9-M71)*40)*0.95),0) | K71: =IF(I71="V2H",MIN(MAX(0,H71),7.4,MAX(0,(M71-P71)*40)*0.95),0) | L71: =IF(E71=0,0,MAX(0,H71-K71)) | M71: =M70+J70/40-IF(I70="V2H",K70/(0.95*40),0)-IF(E71=0,IF(E70=1,IF(D71=1,30,40)*0.18/(2*40),0),0)-IF(E71=1,IF(E70=0,IF(D71=1,30,40)*0.18/(2*40),0),0) | N71: 0.2 | O71: =K71*N71 | P71: =IF(E71=0,0.3,IF(D71=1,IF(C71>=Params!$B$13-3,IF(C71<Params!$B$13,Params!$B$20,0.3),0.3),IF(C71>=Params!$B$15-3,IF(C71<Params!$B$15,Params!$B$21,0.3),0.3)))
A72: 69 | B72: 03/01 | C72: 20 | D72: 0 | E72: =IF(D72=1, IF(OR(C72<10, C72>=15),1,0), IF(OR(C72<7, C72>=18),1,0)) | F72: 3.81 | G72: =0*8 | H72: =F72-G72 | I72: =IF(E72=0,"Fora",IF(E71=0,"Carg xar",IF(H72<0,IF(M72<0.9,"Carg FV","Stby"),IF(M72>P72,"V2H",IF(M72<0.9,"Carg xar","Stby"))))) | J72: =IF(OR(I72="Carg FV",I72="Carg xar"),MIN(IF(I72="Carg FV",ABS(H72),7.4),7.4,MAX(0,(0.9-M72)*40)*0.95),0) | K72: =IF(I72="V2H",MIN(MAX(0,H72),7.4,MAX(0,(M72-P72)*40)*0.95),0) | L72: =IF(E72=0,0,MAX(0,H72-K72)) | M72: =M71+J71/40-IF(I71="V2H",K71/(0.95*40),0)-IF(E72=0,IF(E71=1,IF(D72=1,30,40)*0.18/(2*40),0),0)-IF(E72=1,IF(E71=0,IF(D72=1,30,40)*0.18/(2*40),0),0) | N72: 0.2 | O72: =K72*N72 | P72: =IF(E72=0,0.3,IF(D72=1,IF(C72>=Params!$B$13-3,IF(C72<Params!$B$13,Params!$B$20,0.3),0.3),IF(C72>=Params!$B$15-3,IF(C72<Params!$B$15,Params!$B$21,0.3),0.3)))
A73: 70 | B73: 03/01 | C73: 21 | D73: 0 | E73: =IF(D73=1, IF(OR(C73<10, C73>=15),1,0), IF(OR(C73<7, C73>=18),1,0)) | F73: 4.168 | G73: =0*8 | H73: =F73-G73 | I73: =IF(E73=0,"Fora",IF(E72=0,"Carg xar",IF(H73<0,IF(M73<0.9,"Carg FV","Stby"),IF(M73>P73,"V2H",IF(M73<0.9,"Carg xar","Stby"))))) | J73: =IF(OR(I73="Carg FV",I73="Carg xar"),MIN(IF(I73="Carg FV",ABS(H73),7.4),7.4,MAX(0,(0.9-M73)*40)*0.95),0) | K73: =IF(I73="V2H",MIN(MAX(0,H73),7.4,MAX(0,(M73-P73)*40)*0.95),0) | L73: =IF(E73=0,0,MAX(0,H73-K73)) | M73: =M72+J72/40-IF(I72="V2H",K72/(0.95*40),0)-IF(E73=0,IF(E72=1,IF(D73=1,30,40)*0.18/(2*40),0),0)-IF(E73=1,IF(E72=0,IF(D73=1,30,40)*0.18/(2*40),0),0) | N73: 0.2 | O73: =K73*N73 | P73: =IF(E73=0,0.3,IF(D73=1,IF(C73>=Params!$B$13-3,IF(C73<Params!$B$13,Params!$B$20,0.3),0.3),IF(C73>=Params!$B$15-3,IF(C73<Params!$B$15,Params!$B$21,0.3),0.3)))
A74: 71 | B74: 03/01 | C74: 22 | D74: 0 | E74: =IF(D74=1, IF(OR(C74<10, C74>=15),1,0), IF(OR(C74<7, C74>=18),1,0)) | F74: 3.068 | G74: =0*8 | H74: =F74-G74 | I74: =IF(E74=0,"Fora",IF(E73=0,"Carg xar",IF(H74<0,IF(M74<0.9,"Carg FV","Stby"),IF(M74>P74,"V2H",IF(M74<0.9,"Carg xar","Stby"))))) | J74: =IF(OR(I74="Carg FV",I74="Carg xar"),MIN(IF(I74="Carg FV",ABS(H74),7.4),7.4,MAX(0,(0.9-M74)*40)*0.95),0) | K74: =IF(I74="V2H",MIN(MAX(0,H74),7.4,MAX(0,(M74-P74)*40)*0.95),0) | L74: =IF(E74=0,0,MAX(0,H74-K74)) | M74: =M73+J73/40-IF(I73="V2H",K73/(0.95*40),0)-IF(E74=0,IF(E73=1,IF(D74=1,30,40)*0.18/(2*40),0),0)-IF(E74=1,IF(E73=0,IF(D74=1,30,40)*0.18/(2*40),0),0) | N74: 0.15 | O74: =K74*N74 | P74: =IF(E74=0,0.3,IF(D74=1,IF(C74>=Params!$B$13-3,IF(C74<Params!$B$13,Params!$B$20,0.3),0.3),IF(C74>=Params!$B$15-3,IF(C74<Params!$B$15,Params!$B$21,0.3),0.3)))
A75: 72 | B75: 03/01 | C75: 23 | D75: 0 | E75: =IF(D75=1, IF(OR(C75<10, C75>=15),1,0), IF(OR(C75<7, C75>=18),1,0)) | F75: 2.804 | G75: =0*8 | H75: =F75-G75 | I75: =IF(E75=0,"Fora",IF(E74=0,"Carg xar",IF(H75<0,IF(M75<0.9,"Carg FV","Stby"),IF(M75>P75,"V2H",IF(M75<0.9,"Carg xar","Stby"))))) | J75: =IF(OR(I75="Carg FV",I75="Carg xar"),MIN(IF(I75="Carg FV",ABS(H75),7.4),7.4,MAX(0,(0.9-M75)*40)*0.95),0) | K75: =IF(I75="V2H",MIN(MAX(0,H75),7.4,MAX(0,(M75-P75)*40)*0.95),0) | L75: =IF(E75=0,0,MAX(0,H75-K75)) | M75: =M74+J74/40-IF(I74="V2H",K74/(0.95*40),0)-IF(E75=0,IF(E74=1,IF(D75=1,30,40)*0.18/(2*40),0),0)-IF(E75=1,IF(E74=0,IF(D75=1,30,40)*0.18/(2*40),0),0) | N75: 0.15 | O75: =K75*N75 | P75: =IF(E75=0,0.3,IF(D75=1,IF(C75>=Params!$B$13-3,IF(C75<Params!$B$13,Params!$B$20,0.3),0.3),IF(C75>=Params!$B$15-3,IF(C75<Params!$B$15,Params!$B$21,0.3),0.3)))
A76: 73 | B76: 04/01 | C76: 0 | D76: 1 | E76: =IF(D76=1, IF(OR(C76<10, C76>=15),1,0), IF(OR(C76<7, C76>=18),1,0)) | F76: 2.728 | G76: =0*8 | H76: =F76-G76 | I76: =IF(E76=0,"Fora",IF(E75=0,"Carg xar",IF(H76<0,IF(M76<0.9,"Carg FV","Stby"),IF(M76>P76,"V2H",IF(M76<0.9,"Carg xar","Stby"))))) | J76: =IF(OR(I76="Carg FV",I76="Carg xar"),MIN(IF(I76="Carg FV",ABS(H76),7.4),7.4,MAX(0,(0.9-M76)*40)*0.95),0) | K76: =IF(I76="V2H",MIN(MAX(0,H76),7.4,MAX(0,(M76-P76)*40)*0.95),0) | L76: =IF(E76=0,0,MAX(0,H76-K76)) | M76: =M75+J75/40-IF(I75="V2H",K75/(0.95*40),0)-IF(E76=0,IF(E75=1,IF(D76=1,30,40)*0.18/(2*40),0),0)-IF(E76=1,IF(E75=0,IF(D76=1,30,40)*0.18/(2*40),0),0) | N76: 0.09 | O76: =K76*N76 | P76: =IF(E76=0,0.3,IF(D76=1,IF(C76>=Params!$B$13-3,IF(C76<Params!$B$13,Params!$B$20,0.3),0.3),IF(C76>=Params!$B$15-3,IF(C76<Params!$B$15,Params!$B$21,0.3),0.3)))
A77: 74 | B77: 04/01 | C77: 1 | D77: 1 | E77: =IF(D77=1, IF(OR(C77<10, C77>=15),1,0), IF(OR(C77<7, C77>=18),1,0)) | F77: 3.05 | G77: =0*8 | H77: =F77-G77 | I77: =IF(E77=0,"Fora",IF(E76=0,"Carg xar",IF(H77<0,IF(M77<0.9,"Carg FV","Stby"),IF(M77>P77,"V2H",IF(M77<0.9,"Carg xar","Stby"))))) | J77: =IF(OR(I77="Carg FV",I77="Carg xar"),MIN(IF(I77="Carg FV",ABS(H77),7.4),7.4,MAX(0,(0.9-M77)*40)*0.95),0) | K77: =IF(I77="V2H",MIN(MAX(0,H77),7.4,MAX(0,(M77-P77)*40)*0.95),0) | L77: =IF(E77=0,0,MAX(0,H77-K77)) | M77: =M76+J76/40-IF(I76="V2H",K76/(0.95*40),0)-IF(E77=0,IF(E76=1,IF(D77=1,30,40)*0.18/(2*40),0),0)-IF(E77=1,IF(E76=0,IF(D77=1,30,40)*0.18/(2*40),0),0) | N77: 0.09 | O77: =K77*N77 | P77: =IF(E77=0,0.3,IF(D77=1,IF(C77>=Params!$B$13-3,IF(C77<Params!$B$13,Params!$B$20,0.3),0.3),IF(C77>=Params!$B$15-3,IF(C77<Params!$B$15,Params!$B$21,0.3),0.3)))
A78: 75 | B78: 04/01 | C78: 2 | D78: 1 | E78: =IF(D78=1, IF(OR(C78<10, C78>=15),1,0), IF(OR(C78<7, C78>=18),1,0)) | F78: 3.246 | G78: =0*8 | H78: =F78-G78 | I78: =IF(E78=0,"Fora",IF(E77=0,"Carg xar",IF(H78<0,IF(M78<0.9,"Carg FV","Stby"),IF(M78>P78,"V2H",IF(M78<0.9,"Carg xar","Stby"))))) | J78: =IF(OR(I78="Carg FV",I78="Carg xar"),MIN(IF(I78="Carg FV",ABS(H78),7.4),7.4,MAX(0,(0.9-M78)*40)*0.95),0) | K78: =IF(I78="V2H",MIN(MAX(0,H78),7.4,MAX(0,(M78-P78)*40)*0.95),0) | L78: =IF(E78=0,0,MAX(0,H78-K78)) | M78: =M77+J77/40-IF(I77="V2H",K77/(0.95*40),0)-IF(E78=0,IF(E77=1,IF(D78=1,30,40)*0.18/(2*40),0),0)-IF(E78=1,IF(E77=0,IF(D78=1,30,40)*0.18/(2*40),0),0) | N78: 0.09 | O78: =K78*N78 | P78: =IF(E78=0,0.3,IF(D78=1,IF(C78>=Params!$B$13-3,IF(C78<Params!$B$13,Params!$B$20,0.3),0.3),IF(C78>=Params!$B$15-3,IF(C78<Params!$B$15,Params!$B$21,0.3),0.3)))
A79: 76 | B79: 04/01 | C79: 3 | D79: 1 | E79: =IF(D79=1, IF(OR(C79<10, C79>=15),1,0), IF(OR(C79<7, C79>=18),1,0)) | F79: 3.533 | G79: =0*8 | H79: =F79-G79 | I79: =IF(E79=0,"Fora",IF(E78=0,"Carg xar",IF(H79<0,IF(M79<0.9,"Carg FV","Stby"),IF(M79>P79,"V2H",IF(M79<0.9,"Carg xar","Stby"))))) | J79: =IF(OR(I79="Carg FV",I79="Carg xar"),MIN(IF(I79="Carg FV",ABS(H79),7.4),7.4,MAX(0,(0.9-M79)*40)*0.95),0) | K79: =IF(I79="V2H",MIN(MAX(0,H79),7.4,MAX(0,(M79-P79)*40)*0.95),0) | L79: =IF(E79=0,0,MAX(0,H79-K79)) | M79: =M78+J78/40-IF(I78="V2H",K78/(0.95*40),0)-IF(E79=0,IF(E78=1,IF(D79=1,30,40)*0.18/(2*40),0),0)-IF(E79=1,IF(E78=0,IF(D79=1,30,40)*0.18/(2*40),0),0) | N79: 0.09 | O79: =K79*N79 | P79: =IF(E79=0,0.3,IF(D79=1,IF(C79>=Params!$B$13-3,IF(C79<Params!$B$13,Params!$B$20,0.3),0.3),IF(C79>=Params!$B$15-3,IF(C79<Params!$B$15,Params!$B$21,0.3),0.3)))
A80: 77 | B80: 04/01 | C80: 4 | D80: 1 | E80: =IF(D80=1, IF(OR(C80<10, C80>=15),1,0), IF(OR(C80<7, C80>=18),1,0)) | F80: 3.237 | G80: =0*8 | H80: =F80-G80 | I80: =IF(E80=0,"Fora",IF(E79=0,"Carg xar",IF(H80<0,IF(M80<0.9,"Carg FV","Stby"),IF(M80>P80,"V2H",IF(M80<0.9,"Carg xar","Stby"))))) | J80: =IF(OR(I80="Carg FV",I80="Carg xar"),MIN(IF(I80="Carg FV",ABS(H80),7.4),7.4,MAX(0,(0.9-M80)*40)*0.95),0) | K80: =IF(I80="V2H",MIN(MAX(0,H80),7.4,MAX(0,(M80-P80)*40)*0.95),0) | L80: =IF(E80=0,0,MAX(0,H80-K80)) | M80: =M79+J79/40-IF(I79="V2H",K79/(0.95*40),0)-IF(E80=0,IF(E79=1,IF(D80=1,30,40)*0.18/(2*40),0),0)-IF(E80=1,IF(E79=0,IF(D80=1,30,40)*0.18/(2*40),0),0) | N80: 0.09 | O80: =K80*N80 | P80: =IF(E80=0,0.3,IF(D80=1,IF(C80>=Params!$B$13-3,IF(C80<Params!$B$13,Params!$B$20,0.3),0.3),IF(C80>=Params!$B$15-3,IF(C80<Params!$B$15,Params!$B$21,0.3),0.3)))
... A83: 80 | B83: 04/01 | C83: 7 | D83: 1 | E83: =IF(D83=1, IF(OR(C83<10, C83>=15),1,0), IF(OR(C83<7, C83>=18),1,0)) | F83: 3.525 | G83: =0*8 | H83: =F83-G83 | I83: =IF(E83=0,"Fora",IF(E82=0,"Carg xar",IF(H83<0,IF(M83<0.9,"Carg FV","Stby"),IF(M83>P83,"V2H",IF(M83<0.9,"Carg xar","Stby"))))) | J83: =IF(OR(I83="Carg FV",I83="Carg xar"),MIN(IF(I83="Carg FV",ABS(H83),7.4),7.4,MAX(0,(0.9-M83)*40)*0.95),0) | K83: =IF(I83="V2H",MIN(MAX(0,H83),7.4,MAX(0,(M83-P83)*40)*0.95),0) | L83: =IF(E83=0,0,MAX(0,H83-K83)) | M83: =M82+J82/40-IF(I82="V2H",K82/(0.95*40),0)-IF(E83=0,IF(E82=1,IF(D83=1,30,40)*0.18/(2*40),0),0)-IF(E83=1,IF(E82=0,IF(D83=1,30,40)*0.18/(2*40),0),0) | N83: 0.09 | O83: =K83*N83 | P83: =IF(E83=0,0.3,IF(D83=1,IF(C83>=Params!$B$13-3,IF(C83<Params!$B$13,Params!$B$20,0.3),0.3),IF(C83>=Params!$B$15-3,IF(C83<Params!$B$15,Params!$B$21,0.3),0.3)))
A84: 81 | B84: 04/01 | C84: 8 | D84: 1 | E84: =IF(D84=1, IF(OR(C84<10, C84>=15),1,0), IF(OR(C84<7, C84>=18),1,0)) | F84: 3.015 | G84: =0.05*8 | H84: =F84-G84 | I84: =IF(E84=0,"Fora",IF(E83=0,"Carg xar",IF(H84<0,IF(M84<0.9,"Carg FV","Stby"),IF(M84>P84,"V2H",IF(M84<0.9,"Carg xar","Stby"))))) | J84: =IF(OR(I84="Carg FV",I84="Carg xar"),MIN(IF(I84="Carg FV",ABS(H84),7.4),7.4,MAX(0,(0.9-M84)*40)*0.95),0) | K84: =IF(I84="V2H",MIN(MAX(0,H84),7.4,MAX(0,(M84-P84)*40)*0.95),0) | L84: =IF(E84=0,0,MAX(0,H84-K84)) | M84: =M83+J83/40-IF(I83="V2H",K83/(0.95*40),0)-IF(E84=0,IF(E83=1,IF(D84=1,30,40)*0.18/(2*40),0),0)-IF(E84=1,IF(E83=0,IF(D84=1,30,40)*0.18/(2*40),0),0) | N84: 0.09 | O84: =K84*N84 | P84: =IF(E84=0,0.3,IF(D84=1,IF(C84>=Params!$B$13-3,IF(C84<Params!$B$13,Params!$B$20,0.3),0.3),IF(C84>=Params!$B$15-3,IF(C84<Params!$B$15,Params!$B$21,0.3),0.3)))
A85: 82 | B85: 04/01 | C85: 9 | D85: 1 | E85: =IF(D85=1, IF(OR(C85<10, C85>=15),1,0), IF(OR(C85<7, C85>=18),1,0)) | F85: 3.892 | G85: =0.18*8 | H85: =F85-G85 | I85: =IF(E85=0,"Fora",IF(E84=0,"Carg xar",IF(H85<0,IF(M85<0.9,"Carg FV","Stby"),IF(M85>P85,"V2H",IF(M85<0.9,"Carg xar","Stby"))))) | J85: =IF(OR(I85="Carg FV",I85="Carg xar"),MIN(IF(I85="Carg FV",ABS(H85),7.4),7.4,MAX(0,(0.9-M85)*40)*0.95),0) | K85: =IF(I85="V2H",MIN(MAX(0,H85),7.4,MAX(0,(M85-P85)*40)*0.95),0) | L85: =IF(E85=0,0,MAX(0,H85-K85)) | M85: =M84+J84/40-IF(I84="V2H",K84/(0.95*40),0)-IF(E85=0,IF(E84=1,IF(D85=1,30,40)*0.18/(2*40),0),0)-IF(E85=1,IF(E84=0,IF(D85=1,30,40)*0.18/(2*40),0),0) | N85: 0.09 | O85: =K85*N85 | P85: =IF(E85=0,0.3,IF(D85=1,IF(C85>=Params!$B$13-3,IF(C85<Params!$B$13,Params!$B$20,0.3),0.3),IF(C85>=Params!$B$15-3,IF(C85<Params!$B$15,Params!$B$21,0.3),0.3)))
A86: 83 | B86: 04/01 | C86: 10 | D86: 1 | E86: =IF(D86=1, IF(OR(C86<10, C86>=15),1,0), IF(OR(C86<7, C86>=18),1,0)) | F86: 4.589 | G86: =0.38*8 | H86: =F86-G86 | I86: =IF(E86=0,"Fora",IF(E85=0,"Carg xar",IF(H86<0,IF(M86<0.9,"Carg FV","Stby"),IF(M86>P86,"V2H",IF(M86<0.9,"Carg xar","Stby"))))) | J86: =IF(OR(I86="Carg FV",I86="Carg xar"),MIN(IF(I86="Carg FV",ABS(H86),7.4),7.4,MAX(0,(0.9-M86)*40)*0.95),0) | K86: =IF(I86="V2H",MIN(MAX(0,H86),7.4,MAX(0,(M86-P86)*40)*0.95),0) | L86: =IF(E86=0,0,MAX(0,H86-K86)) | M86: =M85+J85/40-IF(I85="V2H",K85/(0.95*40),0)-IF(E86=0,IF(E85=1,IF(D86=1,30,40)*0.18/(2*40),0),0)-IF(E86=1,IF(E85=0,IF(D86=1,30,40)*0.18/(2*40),0),0) | N86: 0.09 | O86: =K86*N86 | P86: =IF(E86=0,0.3,IF(D86=1,IF(C86>=Params!$B$13-3,IF(C86<Params!$B$13,Params!$B$20,0.3),0.3),IF(C86>=Params!$B$15-3,IF(C86<Params!$B$15,Params!$B$21,0.3),0.3)))
A87: 84 | B87: 04/01 | C87: 11 | D87: 1 | E87: =IF(D87=1, IF(OR(C87<10, C87>=15),1,0), IF(OR(C87<7, C87>=18),1,0)) | F87: 3.764 | G87: =0.52*8 | H87: =F87-G87 | I87: =IF(E87=0,"Fora",IF(E86=0,"Carg xar",IF(H87<0,IF(M87<0.9,"Carg FV","Stby"),IF(M87>P87,"V2H",IF(M87<0.9,"Carg xar","Stby"))))) | J87: =IF(OR(I87="Carg FV",I87="Carg xar"),MIN(IF(I87="Carg FV",ABS(H87),7.4),7.4,MAX(0,(0.9-M87)*40)*0.95),0) | K87: =IF(I87="V2H",MIN(MAX(0,H87),7.4,MAX(0,(M87-P87)*40)*0.95),0) | L87: =IF(E87=0,0,MAX(0,H87-K87)) | M87: =M86+J86/40-IF(I86="V2H",K86/(0.95*40),0)-IF(E87=0,IF(E86=1,IF(D87=1,30,40)*0.18/(2*40),0),0)-IF(E87=1,IF(E86=0,IF(D87=1,30,40)*0.18/(2*40),0),0) | N87: 0.09 | O87: =K87*N87 | P87: =IF(E87=0,0.3,IF(D87=1,IF(C87>=Params!$B$13-3,IF(C87<Params!$B$13,Params!$B$20,0.3),0.3),IF(C87>=Params!$B$15-3,IF(C87<Params!$B$15,Params!$B$21,0.3),0.3)))
A88: 85 | B88: 04/01 | C88: 12 | D88: 1 | E88: =IF(D88=1, IF(OR(C88<10, C88>=15),1,0), IF(OR(C88<7, C88>=18),1,0)) | F88: 2.487 | G88: =0.58*8 | H88: =F88-G88 | I88: =IF(E88=0,"Fora",IF(E87=0,"Carg xar",IF(H88<0,IF(M88<0.9,"Carg FV","Stby"),IF(M88>P88,"V2H",IF(M88<0.9,"Carg xar","Stby"))))) | J88: =IF(OR(I88="Carg FV",I88="Carg xar"),MIN(IF(I88="Carg FV",ABS(H88),7.4),7.4,MAX(0,(0.9-M88)*40)*0.95),0) | K88: =IF(I88="V2H",MIN(MAX(0,H88),7.4,MAX(0,(M88-P88)*40)*0.95),0) | L88: =IF(E88=0,0,MAX(0,H88-K88)) | M88: =M87+J87/40-IF(I87="V2H",K87/(0.95*40),0)-IF(E88=0,IF(E87=1,IF(D88=1,30,40)*0.18/(2*40),0),0)-IF(E88=1,IF(E87=0,IF(D88=1,30,40)*0.18/(2*40),0),0) | N88: 0.09 | O88: =K88*N88 | P88: =IF(E88=0,0.3,IF(D88=1,IF(C88>=Params!$B$13-3,IF(C88<Params!$B$13,Params!$B$20,0.3),0.3),IF(C88>=Params!$B$15-3,IF(C88<Params!$B$15,Params!$B$21,0.3),0.3)))
A89: 86 | B89: 04/01 | C89: 13 | D89: 1 | E89: =IF(D89=1, IF(OR(C89<10, C89>=15),1,0), IF(OR(C89<7, C89>=18),1,0)) | F89: 0 | G89: =0.55*8 | H89: =F89-G89 | I89: =IF(E89=0,"Fora",IF(E88=0,"Carg xar",IF(H89<0,IF(M89<0.9,"Carg FV","Stby"),IF(M89>P89,"V2H",IF(M89<0.9,"Carg xar","Stby"))))) | J89: =IF(OR(I89="Carg FV",I89="Carg xar"),MIN(IF(I89="Carg FV",ABS(H89),7.4),7.4,MAX(0,(0.9-M89)*40)*0.95),0) | K89: =IF(I89="V2H",MIN(MAX(0,H89),7.4,MAX(0,(M89-P89)*40)*0.95),0) | L89: =IF(E89=0,0,MAX(0,H89-K89)) | M89: =M88+J88/40-IF(I88="V2H",K88/(0.95*40),0)-IF(E89=0,IF(E88=1,IF(D89=1,30,40)*0.18/(2*40),0),0)-IF(E89=1,IF(E88=0,IF(D89=1,30,40)*0.18/(2*40),0),0) | N89: 0.09 | O89: =K89*N89 | P89: =IF(E89=0,0.3,IF(D89=1,IF(C89>=Params!$B$13-3,IF(C89<Params!$B$13,Params!$B$20,0.3),0.3),IF(C89>=Params!$B$15-3,IF(C89<Params!$B$15,Params!$B$21,0.3),0.3)))
A90: 87 | B90: 04/01 | C90: 14 | D90: 1 | E90: =IF(D90=1, IF(OR(C90<10, C90>=15),1,0), IF(OR(C90<7, C90>=18),1,0)) | F90: 0 | G90: =0.42*8 | H90: =F90-G90 | I90: =IF(E90=0,"Fora",IF(E89=0,"Carg xar",IF(H90<0,IF(M90<0.9,"Carg FV","Stby"),IF(M90>P90,"V2H",IF(M90<0.9,"Carg xar","Stby"))))) | J90: =IF(OR(I90="Carg FV",I90="Carg xar"),MIN(IF(I90="Carg FV",ABS(H90),7.4),7.4,MAX(0,(0.9-M90)*40)*0.95),0) | K90: =IF(I90="V2H",MIN(MAX(0,H90),7.4,MAX(0,(M90-P90)*40)*0.95),0) | L90: =IF(E90=0,0,MAX(0,H90-K90)) | M90: =M89+J89/40-IF(I89="V2H",K89/(0.95*40),0)-IF(E90=0,IF(E89=1,IF(D90=1,30,40)*0.18/(2*40),0),0)-IF(E90=1,IF(E89=0,IF(D90=1,30,40)*0.18/(2*40),0),0) | N90: 0.09 | O90: =K90*N90 | P90: =IF(E90=0,0.3,IF(D90=1,IF(C90>=Params!$B$13-3,IF(C90<Params!$B$13,Params!$B$20,0.3),0.3),IF(C90>=Params!$B$15-3,IF(C90<Params!$B$15,Params!$B$21,0.3),0.3)))
A91: 88 | B91: 04/01 | C91: 15 | D91: 1 | E91: =IF(D91=1, IF(OR(C91<10, C91>=15),1,0), IF(OR(C91<7, C91>=18),1,0)) | F91: 0 | G91: =0.22*8 | H91: =F91-G91 | I91: =IF(E91=0,"Fora",IF(E90=0,"Carg xar",IF(H91<0,IF(M91<0.9,"Carg FV","Stby"),IF(M91>P91,"V2H",IF(M91<0.9,"Carg xar","Stby"))))) | J91: =IF(OR(I91="Carg FV",I91="Carg xar"),MIN(IF(I91="Carg FV",ABS(H91),7.4),7.4,MAX(0,(0.9-M91)*40)*0.95),0) | K91: =IF(I91="V2H",MIN(MAX(0,H91),7.4,MAX(0,(M91-P91)*40)*0.95),0) | L91: =IF(E91=0,0,MAX(0,H91-K91)) | M91: =M90+J90/40-IF(I90="V2H",K90/(0.95*40),0)-IF(E91=0,IF(E90=1,IF(D91=1,30,40)*0.18/(2*40),0),0)-IF(E91=1,IF(E90=0,IF(D91=1,30,40)*0.18/(2*40),0),0) | N91: 0.09 | O91: =K91*N91 | P91: =IF(E91=0,0.3,IF(D91=1,IF(C91>=Params!$B$13-3,IF(C91<Params!$B$13,Params!$B$20,0.3),0.3),IF(C91>=Params!$B$15-3,IF(C91<Params!$B$15,Params!$B$21,0.3),0.3)))
A92: 89 | B92: 04/01 | C92: 16 | D92: 1 | E92: =IF(D92=1, IF(OR(C92<10, C92>=15),1,0), IF(OR(C92<7, C92>=18),1,0)) | F92: 2.075 | G92: =0.05*8 | H92: =F92-G92 | I92: =IF(E92=0,"Fora",IF(E91=0,"Carg xar",IF(H92<0,IF(M92<0.9,"Carg FV","Stby"),IF(M92>P92,"V2H",IF(M92<0.9,"Carg xar","Stby"))))) | J92: =IF(OR(I92="Carg FV",I92="Carg xar"),MIN(IF(I92="Carg FV",ABS(H92),7.4),7.4,MAX(0,(0.9-M92)*40)*0.95),0) | K92: =IF(I92="V2H",MIN(MAX(0,H92),7.4,MAX(0,(M92-P92)*40)*0.95),0) | L92: =IF(E92=0,0,MAX(0,H92-K92)) | M92: =M91+J91/40-IF(I91="V2H",K91/(0.95*40),0)-IF(E92=0,IF(E91=1,IF(D92=1,30,40)*0.18/(2*40),0),0)-IF(E92=1,IF(E91=0,IF(D92=1,30,40)*0.18/(2*40),0),0) | N92: 0.09 | O92: =K92*N92 | P92: =IF(E92=0,0.3,IF(D92=1,IF(C92>=Params!$B$13-3,IF(C92<Params!$B$13,Params!$B$20,0.3),0.3),IF(C92>=Params!$B$15-3,IF(C92<Params!$B$15,Params!$B$21,0.3),0.3)))
A93: 90 | B93: 04/01 | C93: 17 | D93: 1 | E93: =IF(D93=1, IF(OR(C93<10, C93>=15),1,0), IF(OR(C93<7, C93>=18),1,0)) | F93: 1.172 | G93: =0*8 | H93: =F93-G93 | I93: =IF(E93=0,"Fora",IF(E92=0,"Carg xar",IF(H93<0,IF(M93<0.9,"Carg FV","Stby"),IF(M93>P93,"V2H",IF(M93<0.9,"Carg xar","Stby"))))) | J93: =IF(OR(I93="Carg FV",I93="Carg xar"),MIN(IF(I93="Carg FV",ABS(H93),7.4),7.4,MAX(0,(0.9-M93)*40)*0.95),0) | K93: =IF(I93="V2H",MIN(MAX(0,H93),7.4,MAX(0,(M93-P93)*40)*0.95),0) | L93: =IF(E93=0,0,MAX(0,H93-K93)) | M93: =M92+J92/40-IF(I92="V2H",K92/(0.95*40),0)-IF(E93=0,IF(E92=1,IF(D93=1,30,40)*0.18/(2*40),0),0)-IF(E93=1,IF(E92=0,IF(D93=1,30,40)*0.18/(2*40),0),0) | N93: 0.09 | O93: =K93*N93 | P93: =IF(E93=0,0.3,IF(D93=1,IF(C93>=Params!$B$13-3,IF(C93<Params!$B$13,Params!$B$20,0.3),0.3),IF(C93>=Params!$B$15-3,IF(C93<Params!$B$15,Params!$B$21,0.3),0.3)))
A94: 91 | B94: 04/01 | C94: 18 | D94: 1 | E94: =IF(D94=1, IF(OR(C94<10, C94>=15),1,0), IF(OR(C94<7, C94>=18),1,0)) | F94: 0.309 | G94: =0*8 | H94: =F94-G94 | I94: =IF(E94=0,"Fora",IF(E93=0,"Carg xar",IF(H94<0,IF(M94<0.9,"Carg FV","Stby"),IF(M94>P94,"V2H",IF(M94<0.9,"Carg xar","Stby"))))) | J94: =IF(OR(I94="Carg FV",I94="Carg xar"),MIN(IF(I94="Carg FV",ABS(H94),7.4),7.4,MAX(0,(0.9-M94)*40)*0.95),0) | K94: =IF(I94="V2H",MIN(MAX(0,H94),7.4,MAX(0,(M94-P94)*40)*0.95),0) | L94: =IF(E94=0,0,MAX(0,H94-K94)) | M94: =M93+J93/40-IF(I93="V2H",K93/(0.95*40),0)-IF(E94=0,IF(E93=1,IF(D94=1,30,40)*0.18/(2*40),0),0)-IF(E94=1,IF(E93=0,IF(D94=1,30,40)*0.18/(2*40),0),0) | N94: 0.09 | O94: =K94*N94 | P94: =IF(E94=0,0.3,IF(D94=1,IF(C94>=Params!$B$13-3,IF(C94<Params!$B$13,Params!$B$20,0.3),0.3),IF(C94>=Params!$B$15-3,IF(C94<Params!$B$15,Params!$B$21,0.3),0.3)))
A95: 92 | B95: 04/01 | C95: 19 | D95: 1 | E95: =IF(D95=1, IF(OR(C95<10, C95>=15),1,0), IF(OR(C95<7, C95>=18),1,0)) | F95: 0.718 | G95: =0*8 | H95: =F95-G95 | I95: =IF(E95=0,"Fora",IF(E94=0,"Carg xar",IF(H95<0,IF(M95<0.9,"Carg FV","Stby"),IF(M95>P95,"V2H",IF(M95<0.9,"Carg xar","Stby"))))) | J95: =IF(OR(I95="Carg FV",I95="Carg xar"),MIN(IF(I95="Carg FV",ABS(H95),7.4),7.4,MAX(0,(0.9-M95)*40)*0.95),0) | K95: =IF(I95="V2H",MIN(MAX(0,H95),7.4,MAX(0,(M95-P95)*40)*0.95),0) | L95: =IF(E95=0,0,MAX(0,H95-K95)) | M95: =M94+J94/40-IF(I94="V2H",K94/(0.95*40),0)-IF(E95=0,IF(E94=1,IF(D95=1,30,40)*0.18/(2*40),0),0)-IF(E95=1,IF(E94=0,IF(D95=1,30,40)*0.18/(2*40),0),0) | N95: 0.09 | O95: =K95*N95 | P95: =IF(E95=0,0.3,IF(D95=1,IF(C95>=Params!$B$13-3,IF(C95<Params!$B$13,Params!$B$20,0.3),0.3),IF(C95>=Params!$B$15-3,IF(C95<Params!$B$15,Params!$B$21,0.3),0.3)))
A96: 93 | B96: 04/01 | C96: 20 | D96: 1 | E96: =IF(D96=1, IF(OR(C96<10, C96>=15),1,0), IF(OR(C96<7, C96>=18),1,0)) | F96: 0.706 | G96: =0*8 | H96: =F96-G96 | I96: =IF(E96=0,"Fora",IF(E95=0,"Carg xar",IF(H96<0,IF(M96<0.9,"Carg FV","Stby"),IF(M96>P96,"V2H",IF(M96<0.9,"Carg xar","Stby"))))) | J96: =IF(OR(I96="Carg FV",I96="Carg xar"),MIN(IF(I96="Carg FV",ABS(H96),7.4),7.4,MAX(0,(0.9-M96)*40)*0.95),0) | K96: =IF(I96="V2H",MIN(MAX(0,H96),7.4,MAX(0,(M96-P96)*40)*0.95),0) | L96: =IF(E96=0,0,MAX(0,H96-K96)) | M96: =M95+J95/40-IF(I95="V2H",K95/(0.95*40),0)-IF(E96=0,IF(E95=1,IF(D96=1,30,40)*0.18/(2*40),0),0)-IF(E96=1,IF(E95=0,IF(D96=1,30,40)*0.18/(2*40),0),0) | N96: 0.09 | O96: =K96*N96 | P96: =IF(E96=0,0.3,IF(D96=1,IF(C96>=Params!$B$13-3,IF(C96<Params!$B$13,Params!$B$20,0.3),0.3),IF(C96>=Params!$B$15-3,IF(C96<Params!$B$15,Params!$B$21,0.3),0.3)))
A97: 94 | B97: 04/01 | C97: 21 | D97: 1 | E97: =IF(D97=1, IF(OR(C97<10, C97>=15),1,0), IF(OR(C97<7, C97>=18),1,0)) | F97: 0.351 | G97: =0*8 | H97: =F97-G97 | I97: =IF(E97=0,"Fora",IF(E96=0,"Carg xar",IF(H97<0,IF(M97<0.9,"Carg FV","Stby"),IF(M97>P97,"V2H",IF(M97<0.9,"Carg xar","Stby"))))) | J97: =IF(OR(I97="Carg FV",I97="Carg xar"),MIN(IF(I97="Carg FV",ABS(H97),7.4),7.4,MAX(0,(0.9-M97)*40)*0.95),0) | K97: =IF(I97="V2H",MIN(MAX(0,H97),7.4,MAX(0,(M97-P97)*40)*0.95),0) | L97: =IF(E97=0,0,MAX(0,H97-K97)) | M97: =M96+J96/40-IF(I96="V2H",K96/(0.95*40),0)-IF(E97=0,IF(E96=1,IF(D97=1,30,40)*0.18/(2*40),0),0)-IF(E97=1,IF(E96=0,IF(D97=1,30,40)*0.18/(2*40),0),0) | N97: 0.09 | O97: =K97*N97 | P97: =IF(E97=0,0.3,IF(D97=1,IF(C97>=Params!$B$13-3,IF(C97<Params!$B$13,Params!$B$20,0.3),0.3),IF(C97>=Params!$B$15-3,IF(C97<Params!$B$15,Params!$B$21,0.3),0.3)))
A98: 95 | B98: 04/01 | C98: 22 | D98: 1 | E98: =IF(D98=1, IF(OR(C98<10, C98>=15),1,0), IF(OR(C98<7, C98>=18),1,0)) | F98: 0.245 | G98: =0*8 | H98: =F98-G98 | I98: =IF(E98=0,"Fora",IF(E97=0,"Carg xar",IF(H98<0,IF(M98<0.9,"Carg FV","Stby"),IF(M98>P98,"V2H",IF(M98<0.9,"Carg xar","Stby"))))) | J98: =IF(OR(I98="Carg FV",I98="Carg xar"),MIN(IF(I98="Carg FV",ABS(H98),7.4),7.4,MAX(0,(0.9-M98)*40)*0.95),0) | K98: =IF(I98="V2H",MIN(MAX(0,H98),7.4,MAX(0,(M98-P98)*40)*0.95),0) | L98: =IF(E98=0,0,MAX(0,H98-K98)) | M98: =M97+J97/40-IF(I97="V2H",K97/(0.95*40),0)-IF(E98=0,IF(E97=1,IF(D98=1,30,40)*0.18/(2*40),0),0)-IF(E98=1,IF(E97=0,IF(D98=1,30,40)*0.18/(2*40),0),0) | N98: 0.09 | O98: =K98*N98 | P98: =IF(E98=0,0.3,IF(D98=1,IF(C98>=Params!$B$13-3,IF(C98<Params!$B$13,Params!$B$20,0.3),0.3),IF(C98>=Params!$B$15-3,IF(C98<Params!$B$15,Params!$B$21,0.3),0.3)))
A99: 96 | B99: 04/01 | C99: 23 | D99: 1 | E99: =IF(D99=1, IF(OR(C99<10, C99>=15),1,0), IF(OR(C99<7, C99>=18),1,0)) | F99: 0.17 | G99: =0*8 | H99: =F99-G99 | I99: =IF(E99=0,"Fora",IF(E98=0,"Carg xar",IF(H99<0,IF(M99<0.9,"Carg FV","Stby"),IF(M99>P99,"V2H",IF(M99<0.9,"Carg xar","Stby"))))) | J99: =IF(OR(I99="Carg FV",I99="Carg xar"),MIN(IF(I99="Carg FV",ABS(H99),7.4),7.4,MAX(0,(0.9-M99)*40)*0.95),0) | K99: =IF(I99="V2H",MIN(MAX(0,H99),7.4,MAX(0,(M99-P99)*40)*0.95),0) | L99: =IF(E99=0,0,MAX(0,H99-K99)) | M99: =M98+J98/40-IF(I98="V2H",K98/(0.95*40),0)-IF(E99=0,IF(E98=1,IF(D99=1,30,40)*0.18/(2*40),0),0)-IF(E99=1,IF(E98=0,IF(D99=1,30,40)*0.18/(2*40),0),0) | N99: 0.09 | O99: =K99*N99 | P99: =IF(E99=0,0.3,IF(D99=1,IF(C99>=Params!$B$13-3,IF(C99<Params!$B$13,Params!$B$20,0.3),0.3),IF(C99>=Params!$B$15-3,IF(C99<Params!$B$15,Params!$B$21,0.3),0.3)))
A100: 97 | B100: 05/01 | C100: 0 | D100: 1 | E100: =IF(D100=1, IF(OR(C100<10, C100>=15),1,0), IF(OR(C100<7, C100>=18),1,0)) | F100: 0.216 | G100: =0*8 | H100: =F100-G100 | I100: =IF(E100=0,"Fora",IF(E99=0,"Carg xar",IF(H100<0,IF(M100<0.9,"Carg FV","Stby"),IF(M100>P100,"V2H",IF(M100<0.9,"Carg xar","Stby"))))) | J100: =IF(OR(I100="Carg FV",I100="Carg xar"),MIN(IF(I100="Carg FV",ABS(H100),7.4),7.4,MAX(0,(0.9-M100)*40)*0.95),0) | K100: =IF(I100="V2H",MIN(MAX(0,H100),7.4,MAX(0,(M100-P100)*40)*0.95),0) | L100: =IF(E100=0,0,MAX(0,H100-K100)) | M100: =M99+J99/40-IF(I99="V2H",K99/(0.95*40),0)-IF(E100=0,IF(E99=1,IF(D100=1,30,40)*0.18/(2*40),0),0)-IF(E100=1,IF(E99=0,IF(D100=1,30,40)*0.18/(2*40),0),0) | N100: 0.09 | O100: =K100*N100 | P100: =IF(E100=0,0.3,IF(D100=1,IF(C100>=Params!$B$13-3,IF(C100<Params!$B$13,Params!$B$20,0.3),0.3),IF(C100>=Params!$B$15-3,IF(C100<Params!$B$15,Params!$B$21,0.3),0.3)))
A101: 98 | B101: 05/01 | C101: 1 | D101: 1 | E101: =IF(D101=1, IF(OR(C101<10, C101>=15),1,0), IF(OR(C101<7, C101>=18),1,0)) | F101: 1.054 | G101: =0*8 | H101: =F101-G101 | I101: =IF(E101=0,"Fora",IF(E100=0,"Carg xar",IF(H101<0,IF(M101<0.9,"Carg FV","Stby"),IF(M101>P101,"V2H",IF(M101<0.9,"Carg xar","Stby"))))) | J101: =IF(OR(I101="Carg FV",I101="Carg xar"),MIN(IF(I101="Carg FV",ABS(H101),7.4),7.4,MAX(0,(0.9-M101)*40)*0.95),0) | K101: =IF(I101="V2H",MIN(MAX(0,H101),7.4,MAX(0,(M101-P101)*40)*0.95),0) | L101: =IF(E101=0,0,MAX(0,H101-K101)) | M101: =M100+J100/40-IF(I100="V2H",K100/(0.95*40),0)-IF(E101=0,IF(E100=1,IF(D101=1,30,40)*0.18/(2*40),0),0)-IF(E101=1,IF(E100=0,IF(D101=1,30,40)*0.18/(2*40),0),0) | N101: 0.09 | O101: =K101*N101 | P101: =IF(E101=0,0.3,IF(D101=1,IF(C101>=Params!$B$13-3,IF(C101<Params!$B$13,Params!$B$20,0.3),0.3),IF(C101>=Params!$B$15-3,IF(C101<Params!$B$15,Params!$B$21,0.3),0.3)))
A102: 99 | B102: 05/01 | C102: 2 | D102: 1 | E102: =IF(D102=1, IF(OR(C102<10, C102>=15),1,0), IF(OR(C102<7, C102>=18),1,0)) | F102: 1.369 | G102: =0*8 | H102: =F102-G102 | I102: =IF(E102=0,"Fora",IF(E101=0,"Carg xar",IF(H102<0,IF(M102<0.9,"Carg FV","Stby"),IF(M102>P102,"V2H",IF(M102<0.9,"Carg xar","Stby"))))) | J102: =IF(OR(I102="Carg FV",I102="Carg xar"),MIN(IF(I102="Carg FV",ABS(H102),7.4),7.4,MAX(0,(0.9-M102)*40)*0.95),0) | K102: =IF(I102="V2H",MIN(MAX(0,H102),7.4,MAX(0,(M102-P102)*40)*0.95),0) | L102: =IF(E102=0,0,MAX(0,H102-K102)) | M102: =M101+J101/40-IF(I101="V2H",K101/(0.95*40),0)-IF(E102=0,IF(E101=1,IF(D102=1,30,40)*0.18/(2*40),0),0)-IF(E102=1,IF(E101=0,IF(D102=1,30,40)*0.18/(2*40),0),0) | N102: 0.09 | O102: =K102*N102 | P102: =IF(E102=0,0.3,IF(D102=1,IF(C102>=Params!$B$13-3,IF(C102<Params!$B$13,Params!$B$20,0.3),0.3),IF(C102>=Params!$B$15-3,IF(C102<Params!$B$15,Params!$B$21,0.3),0.3)))
A103: 100 | B103: 05/01 | C103: 3 | D103: 1 | E103: =IF(D103=1, IF(OR(C103<10, C103>=15),1,0), IF(OR(C103<7, C103>=18),1,0)) | F103: 4.617 | G103: =0*8 | H103: =F103-G103 | I103: =IF(E103=0,"Fora",IF(E102=0,"Carg xar",IF(H103<0,IF(M103<0.9,"Carg FV","Stby"),IF(M103>P103,"V2H",IF(M103<0.9,"Carg xar","Stby"))))) | J103: =IF(OR(I103="Carg FV",I103="Carg xar"),MIN(IF(I103="Carg FV",ABS(H103),7.4),7.4,MAX(0,(0.9-M103)*40)*0.95),0) | K103: =IF(I103="V2H",MIN(MAX(0,H103),7.4,MAX(0,(M103-P103)*40)*0.95),0) | L103: =IF(E103=0,0,MAX(0,H103-K103)) | M103: =M102+J102/40-IF(I102="V2H",K102/(0.95*40),0)-IF(E103=0,IF(E102=1,IF(D103=1,30,40)*0.18/(2*40),0),0)-IF(E103=1,IF(E102=0,IF(D103=1,30,40)*0.18/(2*40),0),0) | N103: 0.09 | O103: =K103*N103 | P103: =IF(E103=0,0.3,IF(D103=1,IF(C103>=Params!$B$13-3,IF(C103<Params!$B$13,Params!$B$20,0.3),0.3),IF(C103>=Params!$B$15-3,IF(C103<Params!$B$15,Params!$B$21,0.3),0.3)))
A104: 101 | B104: 05/01 | C104: 4 | D104: 1 | E104: =IF(D104=1, IF(OR(C104<10, C104>=15),1,0), IF(OR(C104<7, C104>=18),1,0)) | F104: 4.352 | G104: =0*8 | H104: =F104-G104 | I104: =IF(E104=0,"Fora",IF(E103=0,"Carg xar",IF(H104<0,IF(M104<0.9,"Carg FV","Stby"),IF(M104>P104,"V2H",IF(M104<0.9,"Carg xar","Stby"))))) | J104: =IF(OR(I104="Carg FV",I104="Carg xar"),MIN(IF(I104="Carg FV",ABS(H104),7.4),7.4,MAX(0,(0.9-M104)*40)*0.95),0) | K104: =IF(I104="V2H",MIN(MAX(0,H104),7.4,MAX(0,(M104-P104)*40)*0.95),0) | L104: =IF(E104=0,0,MAX(0,H104-K104)) | M104: =M103+J103/40-IF(I103="V2H",K103/(0.95*40),0)-IF(E104=0,IF(E103=1,IF(D104=1,30,40)*0.18/(2*40),0),0)-IF(E104=1,IF(E103=0,IF(D104=1,30,40)*0.18/(2*40),0),0) | N104: 0.09 | O104: =K104*N104 | P104: =IF(E104=0,0.3,IF(D104=1,IF(C104>=Params!$B$13-3,IF(C104<Params!$B$13,Params!$B$20,0.3),0.3),IF(C104>=Params!$B$15-3,IF(C104<Params!$B$15,Params!$B$21,0.3),0.3)))
... A107: 104 | B107: 05/01 | C107: 7 | D107: 1 | E107: =IF(D107=1, IF(OR(C107<10, C107>=15),1,0), IF(OR(C107<7, C107>=18),1,0)) | F107: 3.173 | G107: =0*8 | H107: =F107-G107 | I107: =IF(E107=0,"Fora",IF(E106=0,"Carg xar",IF(H107<0,IF(M107<0.9,"Carg FV","Stby"),IF(M107>P107,"V2H",IF(M107<0.9,"Carg xar","Stby"))))) | J107: =IF(OR(I107="Carg FV",I107="Carg xar"),MIN(IF(I107="Carg FV",ABS(H107),7.4),7.4,MAX(0,(0.9-M107)*40)*0.95),0) | K107: =IF(I107="V2H",MIN(MAX(0,H107),7.4,MAX(0,(M107-P107)*40)*0.95),0) | L107: =IF(E107=0,0,MAX(0,H107-K107)) | M107: =M106+J106/40-IF(I106="V2H",K106/(0.95*40),0)-IF(E107=0,IF(E106=1,IF(D107=1,30,40)*0.18/(2*40),0),0)-IF(E107=1,IF(E106=0,IF(D107=1,30,40)*0.18/(2*40),0),0) | N107: 0.09 | O107: =K107*N107 | P107: =IF(E107=0,0.3,IF(D107=1,IF(C107>=Params!$B$13-3,IF(C107<Params!$B$13,Params!$B$20,0.3),0.3),IF(C107>=Params!$B$15-3,IF(C107<Params!$B$15,Params!$B$21,0.3),0.3)))
A108: 105 | B108: 05/01 | C108: 8 | D108: 1 | E108: =IF(D108=1, IF(OR(C108<10, C108>=15),1,0), IF(OR(C108<7, C108>=18),1,0)) | F108: 3.029 | G108: =0.05*8 | H108: =F108-G108 | I108: =IF(E108=0,"Fora",IF(E107=0,"Carg xar",IF(H108<0,IF(M108<0.9,"Carg FV","Stby"),IF(M108>P108,"V2H",IF(M108<0.9,"Carg xar","Stby"))))) | J108: =IF(OR(I108="Carg FV",I108="Carg xar"),MIN(IF(I108="Carg FV",ABS(H108),7.4),7.4,MAX(0,(0.9-M108)*40)*0.95),0) | K108: =IF(I108="V2H",MIN(MAX(0,H108),7.4,MAX(0,(M108-P108)*40)*0.95),0) | L108: =IF(E108=0,0,MAX(0,H108-K108)) | M108: =M107+J107/40-IF(I107="V2H",K107/(0.95*40),0)-IF(E108=0,IF(E107=1,IF(D108=1,30,40)*0.18/(2*40),0),0)-IF(E108=1,IF(E107=0,IF(D108=1,30,40)*0.18/(2*40),0),0) | N108: 0.09 | O108: =K108*N108 | P108: =IF(E108=0,0.3,IF(D108=1,IF(C108>=Params!$B$13-3,IF(C108<Params!$B$13,Params!$B$20,0.3),0.3),IF(C108>=Params!$B$15-3,IF(C108<Params!$B$15,Params!$B$21,0.3),0.3)))
A109: 106 | B109: 05/01 | C109: 9 | D109: 1 | E109: =IF(D109=1, IF(OR(C109<10, C109>=15),1,0), IF(OR(C109<7, C109>=18),1,0)) | F109: 3.001 | G109: =0.18*8 | H109: =F109-G109 | I109: =IF(E109=0,"Fora",IF(E108=0,"Carg xar",IF(H109<0,IF(M109<0.9,"Carg FV","Stby"),IF(M109>P109,"V2H",IF(M109<0.9,"Carg xar","Stby"))))) | J109: =IF(OR(I109="Carg FV",I109="Carg xar"),MIN(IF(I109="Carg FV",ABS(H109),7.4),7.4,MAX(0,(0.9-M109)*40)*0.95),0) | K109: =IF(I109="V2H",MIN(MAX(0,H109),7.4,MAX(0,(M109-P109)*40)*0.95),0) | L109: =IF(E109=0,0,MAX(0,H109-K109)) | M109: =M108+J108/40-IF(I108="V2H",K108/(0.95*40),0)-IF(E109=0,IF(E108=1,IF(D109=1,30,40)*0.18/(2*40),0),0)-IF(E109=1,IF(E108=0,IF(D109=1,30,40)*0.18/(2*40),0),0) | N109: 0.09 | O109: =K109*N109 | P109: =IF(E109=0,0.3,IF(D109=1,IF(C109>=Params!$B$13-3,IF(C109<Params!$B$13,Params!$B$20,0.3),0.3),IF(C109>=Params!$B$15-3,IF(C109<Params!$B$15,Params!$B$21,0.3),0.3)))
...

Sheet Resum
A1: RESUM ANUAL — SIMULACIÓ 8760h (v7)
A3: Mes | B3: E_V2H kWh | C3: E_xarxa kWh | D3: Estalvi € | E3: Consum llar kWh
A4: Gener | B4: =SUM('Sim8760'!K4:K747) | C4: =SUM('Sim8760'!L4:L747) | D4: =SUM('Sim8760'!O4:O747) | E4: =SUM('Sim8760'!F4:F747)
A5: Febrer | B5: =SUM('Sim8760'!K748:K1419) | C5: =SUM('Sim8760'!L748:L1419) | D5: =SUM('Sim8760'!O748:O1419) | E5: =SUM('Sim8760'!F748:F1419)
A6: Març | B6: =SUM('Sim8760'!K1420:K2163) | C6: =SUM('Sim8760'!L1420:L2163) | D6: =SUM('Sim8760'!O1420:O2163) | E6: =SUM('Sim8760'!F1420:F2163)
A7: Abril | B7: =SUM('Sim8760'!K2164:K2883) | C7: =SUM('Sim8760'!L2164:L2883) | D7: =SUM('Sim8760'!O2164:O2883) | E7: =SUM('Sim8760'!F2164:F2883)
A8: Maig | B8: =SUM('Sim8760'!K2884:K3627) | C8: =SUM('Sim8760'!L2884:L3627) | D8: =SUM('Sim8760'!O2884:O3627) | E8: =SUM('Sim8760'!F2884:F3627)
A9: Juny | B9: =SUM('Sim8760'!K3628:K4347) | C9: =SUM('Sim8760'!L3628:L4347) | D9: =SUM('Sim8760'!O3628:O4347) | E9: =SUM('Sim8760'!F3628:F4347)
A10: Juliol | B10: =SUM('Sim8760'!K4348:K5091) | C10: =SUM('Sim8760'!L4348:L5091) | D10: =SUM('Sim8760'!O4348:O5091) | E10: =SUM('Sim8760'!F4348:F5091)
A11: Agost | B11: =SUM('Sim8760'!K5092:K5835) | C11: =SUM('Sim8760'!L5092:L5835) | D11: =SUM('Sim8760'!O5092:O5835) | E11: =SUM('Sim8760'!F5092:F5835)
A12: Set. | B12: =SUM('Sim8760'!K5836:K6555) | C12: =SUM('Sim8760'!L5836:L6555) | D12: =SUM('Sim8760'!O5836:O6555) | E12: =SUM('Sim8760'!F5836:F6555)
A13: Octubre | B13: =SUM('Sim8760'!K6556:K7299) | C13: =SUM('Sim8760'!L6556:L7299) | D13: =SUM('Sim8760'!O6556:O7299) | E13: =SUM('Sim8760'!F6556:F7299)
A14: Nov. | B14: =SUM('Sim8760'!K7300:K8019) | C14: =SUM('Sim8760'!L7300:L8019) | D14: =SUM('Sim8760'!O7300:O8019) | E14: =SUM('Sim8760'!F7300:F8019)
A15: Desembre | B15: =SUM('Sim8760'!K8020:K8763) | C15: =SUM('Sim8760'!L8020:L8763) | D15: =SUM('Sim8760'!O8020:O8763) | E15: =SUM('Sim8760'!F8020:F8763)
A16: TOTAL ANUAL | B16: =SUM(B4:B15) | C16: =SUM(C4:C15) | D16: =SUM(D4:D15) | E16: =SUM(E4:E15)
A18: INDICADORS CLAU
A19: Estalvi anual: | B19: =D16 | C19: €/any
A20: E_V2H anual: | B20: =B16 | C20: kWh/any
A21: E_xarxa anual: | B21: =C16 | C21: kWh/any
A22: Consum llar anual: | B22: =E16 | C22: kWh/any
A23: Autoconsum V2H: | B23: =IF(B16+C16>0,B16/(B16+C16),0) | C23: %
A24: EFC V2H anuals: | B24: =B16/(2*40) | C24: cicles/any
A25: Cost carregador (est.): | B25: 4000 | C25: €
A26: Payback simple: | B26: =IF(B19>0,B25/B19,"—") | C26: anys
A27: SOC final any: | B27: ='Sim8760'!M8763 | C27: %
